Titel, Zeit,Ort,Kategorie,Bild,Beschreibung,Preis,
Lesung: Indie² @ Periplaneta Berlin,Montag 09.09.2019 - Anfangszeit: 20:00 Uhr,Bornholmer Straße 81a 10439 Berlin - zum Stadtplan,Lesungen & Hörspiele,https://www.gratis-in-berlin.de/images/stories/tipps/m_190909_carpathia_web.jpg,Stefanie Schleemilch und Marc Bensch suchen nach der Wahrheit in ihren Fiktionen. In „Morgengrauen“ von Stefanie Schleemilch folgt der Leser einer Schriftstellerin&  die sich dem eigenen Leben und seinen ungeschönten Wahrheiten stellen muss. In „Die unverhoffte Genesung der Schildkröte“ von Marc Bensch bekommt es der Erzähler hingegen mit seinen eigenen Protagonisten zu tun. In seiner Not bittet er den Leser selbst um Hilfe ... Ein Abend mit zwei großartigen Indie-Autoren&  der den Zuhörer sich fragen lässt: Was ist wahr und was erfunden?  Der Eintritt ist frei&  Spenden erwünscht. Wir empfehlen&  telefonisch Plätze zu reservieren: 030 4467 3433.  »Nichts an dieser Geschichte ist wahr. Außer du glaubst es.« So beginnt Stefanie Schleemilchs Roman „Morgengrauen“ (duotincta). Wenn der Morgen graut&  ist das im Leben der Schriftstellerin Agnes wortwörtlich zu verstehen. Nacht für Nacht kreisen ihre Gedanken um die Stationen ihres bisherigen Lebens: Kindheit&  Gymnasium&  Psychiatrie&  Abitur&  Universität. Ein abgebrochenes Studium und ein misslungener Suizidversuch schmücken dabei ihren Lebenslauf. Dann kommt das Angebot eines Verlags. Plötzlich muss Agnes eine druckreife Geschichte zu Papier bringen – und mit ihrer eigenen abschließen: Berlin diskutiert #metoo&  während in der Ungleichzeitigkeit zwischen Metropole und Provinz&  zwischen Gegenwart und Vergangenheit klar wird&  dass die Primitivität nicht nur Prominenten vorbehalten ist ...  Nach ihrem philosophischen Debüt »Letzte Runde« zeigt sich Stefanie Schleemilch in »Morgengrauen« (2018&  duotincta Verlag) teils melancholisch&  teils erfrischend zynisch und vor allem kämpferisch in der Demontage des Status quo der Geschlechterrollen in der süddeutschen Provinz.  »Ich weiß&  du denkst&  du hättest mit all dem nichts zu tun. Dass dies nur eine Geschichte sei&  die dich nicht betrifft. Aber du täuschst dich. Du bist ein Teil dieser Geschichte. Ob du es willst oder nicht.«  „Die unverhoffte Genesung der Schildkröte“ ist Marc Benschs Romandebüt (Carpathia Verlag). Der Journalist Paul Gram hat ein ambivalentes Verhältnis zum Begriff der Wahrheit. Seine jüngste Story über Mauscheleien zwischen lokaler Wirtschaft und Stadtverwaltung ist komplett erfunden – und doch wahr. So wahr jedenfalls&  dass sie das Leben eines kriminellen Unternehmensbosses&  eines frustrierten Detektivs&  eines rachsüchtigen Schwindlers und eines Buchhalters mit gesichtslähmungsbedingtem Dauerlächeln komplett aus den Fugen bringt. Es entspinnt sich ein rasantes und intrigenreiches Verwirrspiel – bis einer der Protagonisten erkennt&  dass sie alle nur Teil einer Geschichte sind. Die Figuren gehen auf die Barrikaden&  und der Erzähler ruft in seiner Not den Leser zur Hilfe. Ein ungewöhnlicher und intelligenter Roman über Schein und Sein&  über Selbstbestimmung und Fremdsteuerung und über den Kampf des Erzählers mit seinen Geschöpfen.,GRATIS,
Einladung Lazarus-Hospiz Forumabend: Wenn Trauer und Fußball aufeinandertreffen - ein Querpass durch die Trauerkultur im Fußball,Montag 09.09.2019 - Anfangszeit: 18:00 Uhr,Bernauer Straße 115-118 13355 Berlin - zum Stadtplan,Wissen live, ,Mehr Infos im Internet: http://www.lazarushospiz.de,GRATIS,
BALANCEN,Samstag 10.08.2019 bis Montag 09.09.2019 - Anfangszeit: :00 Uhr,Herderstr. 24 12163 Berlin - zum Stadtplan,Kunst,https://www.gratis-in-berlin.de/images/stories/tipps/m_sautter_100819_klein.jpg,BALANCEN Ursula Sautter ARBEITEN AUF PAPIER Vernissage am Samstag 10.8.2019 um 19 Uhr  Musik zur Eröffnung: Michael Kornmacher&  Gitarre Die Ausstellung ist vom 10. August - 9. September 2019 zu besichtigen Mo - Sa 11 - 18 Uhr Eintritt frei Finissage: Montag&  9.9.2019 um 19 Uhr PRIMOBUCH (Kunstraum) Herderstr. 24 / Ecke Gritznerstr. 12163 Berlin www.primobuch.de,GRATIS,
Weingarten "Rheingauer Weinbrunnen" am Rüdesheimer Platz, ,Rüdesheimer Platz 1 14197 Berlin Germany - zum Stadtplan,Samstag 11.05.2019 bis Donnerstag 12.09.2019 - Anfangszeit: 15:00 Uhr,https://www.gratis-in-berlin.de/images/stories/tipps/m_img_5985.jpg,Am Rüdesheimer Platz gibt es mit dem "Rheingauer Weinbrunnen" einen wirklich einzigarten Weingarten in Berlin. Wein-Ausschank am Stand vor Ort&  Brotzeit mitbringen. Außer Sonntags ist der Weinbrunnen bis Donnerstag&  dem 12. September&  täglich von 15.00 bis 21.30 Uhr geöffnet. 11.05. bis 01.06.&  Weingut Adam Basting (Winkel) 03.06. bis 22.06.&  Weingut Ferdinand Abel (Oestrich) 24.06. bis 11.07.&  Weingut Adam Basting (Winkel) 12.07. bis 03.08.&  Weingut Wilhelm Nikolai (Erbach) 05.08. bis 24.08.&  Weingut Ferdinand Abel (Oestrich) 26.08. bis 12.09.&  Weingut Wilhelm Nikolai (Erbach) Vor Ort gibts auch eine begehbare Buch-Verschenk-Tausch-Vitrine (Rüdesheimer Straße/Ecke Eberbacher Straße)&  die vorher mal eine Telefonzelle war,GRATIS,
KLASSE DAMEN! – 100 Jahre Öffnung der Berliner Kunstakademie für Frauen, ,Alt-Biesdorf 55 12683 Berlin - zum Stadtplan,Sonntag 16.06.2019 bis Freitag 13.09.2019 - Anfangszeit: :00 Uhr,https://www.gratis-in-berlin.de/images/stories/tipps/m_d.jpg,mit Birgit Bellmann (Druckgrafik)&  Alke Brinkmann (Malerei)&  Ines Doleschal (Collage)&  Else (Twin) Gabriel (Fotografie&  Video&  Malerei)&  Ellen Kobe (Performance&  Installation)&  Coco Kühn (Installation)&  Petra Lottje (Video&  Zeichnung)&  Seraphina Lanz (Wandarbeit&  Objekt)&  Cornelia Renz (Zeichnung)&  Karin Rosenberg (Objekt)&  Fiene Scharp (Cut-out)&  Elisabeth Sonneck (Installation)&  Ute Weiss Leder (Installation)&  Gaby Taplick (Installation)  sowie Charlotte Berend-Corinth (Malerei&  Druckgrafik)&  Hannah Höch (Collagen)&  Marg Moll (Plastik)&  Lotte Laserstein (Zeichnung)&  Doramaria Purschian (Zeichnung&  Malerei)&  Emy Roeder (Plastik)&  Erna Schmidt-Caroll (Zeichnungen&  Malerei)&  Maria Slavona (Malerei)&  Gertrud Spitta (Malerei)&  Milly Steger (Plastik)&  Elisabeth Voigt (Druckgrafik) und Julie Wolfthorn (Malerei).  Ab März 1919 durften Frauen an der Königlichen Kunstakademie in Berlin studieren. Bis dahin waren sie auf Privatlehrer&  überteuerte „Damenklassen“ oder Kunstgewerbeschulen angewiesen. Heute kennt man nur wenige der Künstlerinnen&  die sich im 19. Jahrhundert bis zum 1. Weltkrieg im patriarchalischen Kunstbetrieb behaupteten und bisweilen eine anerkannte und existenzsichernde Position erkämpfen konnten. Ihre Werke liegen heute noch weitgehend unerforscht in Archiven und Depots. Einige wenige wie Jeanne Mammen&  Lotte Laserstein und Renée Sintenis erfahren jüngst späte&  noch zaghafte Wertschätzung.  In einer Ausstellung im Schloss Biesdorf wollen wir den zum Teil noch unbekannten Werken von Bildhauerinnen und Malerinnen der ersten Generation wie Julie Wolfthorn&  Marg Moll&  Milly Steger oder Erna Schmidt-Caroll Positionen zeitgenössischer Künstlerinnen aus Berlin gegenüber stellen. In Porträts und Landschaftsbildern&  Stillleben und Kinderbildnissen zeigen die Künstlerinnen der Klassischen Moderne nicht nur ihr Talent&  sondern auch ihr Befangensein in einer Motivwelt&  die ihnen von ihren männlichen Kollegen diktiert wurde. Wenn Hannah Höch und andere hier bewusst mit der ikonografischen Tradition brechen und inhaltlich an gesellschaftliche Tabus rühren&  dann stellt das ihren großen Mut und ihr Selbstbewusstsein unter Beweis. Tabus zu brechen ist auch ein Anliegen der zeitgenössischen Künstlerinnen. Sie erarbeiten orts- und ausstellungsbezogen Werke&  die den heutigen Kunstbetrieb – seine Ausstellungspraxis und Förderstrukturen&  sein Wertesystem und Geschlechterfragen – kritisch reflektieren. Über Rauminstallationen&  Film und Video&  Cut-outs&  Collagen&  Malerei und Performance eröffnen die Berliner Künstlerinnen einen visuellen Dialog mit den Künstlerinnen von damals und schaffen einen Denkraum für Fragen&  die damals wie heute virulent sind.  In Verbindung mit einem Vermittlungskonzept und Begleitprogramm aus Vorträgen&  Filmen&  Lesungen und einem Diskussionsforum im Vortragssaal des Schlosses verstehen wir die Ausstellung KLASSE DAMEN! als Beitrag zu einem gesellschaftspolitischen Diskurs und als Anstoß für eine öffentlichkeitswirksame Reflexion. Als Künstlerinnen und Kuratorinnen&  als Frauen&  für die der Spagat zwischen Familie und künstlerischer Arbeit tägliche Herausforderung ist&  haben wir ein großes Interesse daran&  die weitgehend unbekannte Geschichte der Zulassung von Frauen an den Kunstakademien öffentlich(er) zu machen. Mit ihr thematisieren und erörtern wir alle Implikationen&  die sich für die Frauen damals ergaben und bis heute ergeben – von familiären Brüchen&  Kinderlosigkeit und Armut über Diffamierung&  Vorurteilen und Ächtung bis zu den „modernen“ Problematiken wie einer strukturellen Diskriminierung im Kunstbetrieb mit seinem immer noch grassierenden gender pay und gender show gap.  Kuration: Ellen Kobe und Ines Doleschal in Zusammenarbeit mit Karin Scheel Leihgeber: Bröhan-Museum&  Georg Kolbe Museum&  Kunstarchiv Beeskow&  Bezirksamt Reinickendorf zu Berlin&  Galerie Die Möwe Berlin&  Berlinische Galerie&  Akademie der Künste&  Das Verborgene Museum&  sowie Privatsammler*innen  Dialogische Führungen durch die Ausstellung mit Fenia Franz (Labor M) samstags&  22.06. / 29.06. / 06.07. / 13.07. / 10.08. / 17.08. / 24.08. / 07.09. / 14.09. / 21.09. / 28.09.2019 jeweils 14:00–15:00 Uhr,GRATIS,
„Ideenschmiede KI“ – Pop-Up-Box im Bikini Berlin,Donnerstag 05.09.2019 bis Samstag 14.09.2019 - Anfangszeit: 10:00 Uhr,Budapester Str. 38-50 10787 Berlin - zum Stadtplan,Wissen live,https://www.gratis-in-berlin.de/images/stories/tipps/m_bmbf_pop_up_box_header_ly04.png,Im September sind alle Interessierten herzlich eingeladen im Bikini Berlin Mitmach-Exponate aus der KI-Forschung (Künstliche Intelligenz) und Roboter zum Anfassen zu erleben. Lernen&  Staunen&  Ausprobieren – mitten in Berlin.  Im Rahmen des Wissenschaftsjahres 2019 – Künstliche Intelligenz stellt die zehntägige Ausstellung „Ideenschmiede KI“ im Bikini Berlin spannende Exponate und aktuelle Forschungsschwerpunkte in den Mittelpunkt.  Nutzen Sie die Möglichkeit und diskutieren Sie mit einem Chatbot über sein Leben als Künstliche Intelligenz. Unterstützen Sie Forscherinnen und Forscher aktiv bei der Entwicklung von KI.XOSKELETT&  einem Roboteranzug&  der in der Medizin zur Rehabilitation eingesetzt werden könnte. Oder interagieren Sie mit FELIX&  einem Roboter&  der seine Emotionen aus Ihrem Gesichtsausdruck lernt.  Zusätzlich findet vom 9. bis 11. September in der „Ideenschmiede KI“&  besonders für Schulklassen und Studierende&  das „Robotikum“ statt. Hier können sich alle Interessierten mit den Roboter-Modellen Pepper und Nao auf Deutsch oder Englisch unterhalten und dabei lernen&  wie Motorik&  Bilderfassung und Sprachverarbeitung funktionieren.  Die „Ideenschmiede KI“ ist montags bis samstags von 10 bis 20 Uhr geöffnet.,GRATIS,
Filminstallation: Berlin-Berlin-Passagen,Donnerstag 08.08.2019 bis Sonntag 15.09.2019 - Anfangszeit: 12:00 Uhr,Eichhornstraße 3 10785 Berlin - zum Stadtplan,Kino, ,Mehr Infos im Internet: https://www.clb-berlin.de,GRATIS,
Water(Proof) Exhibition for Food Art Week,Samstag 10.08.2019 bis Sonntag 15.09.2019 - Anfangszeit: 18:00 Uhr,MOMENTUM, Kunstquartier Bethanien Mariannenplatz 2, 10997 Berlin 10997 Berlin - zum Stadtplan,Kunst, ,Mehr Infos im Internet: https://www.facebook.com,GRATIS,
Water(Proof) Exhibition for Food Art Week,Samstag 10.08.2019 bis Sonntag 15.09.2019 - Anfangszeit: 18:00 Uhr,MOMENTUM, Kunstquartier Bethanien Mariannenplatz 2, 10997 Berlin 10997 Berlin - zum Stadtplan,Kunst, ,Mehr Infos im Internet: https://www.facebook.com,GRATIS,
Under Waters (Vernissage), ,Brunnenstraße 197/198 10119 Berlin - zum Stadtplan,Donnerstag 08.08.2019 bis Montag 16.09.2019 - Anfangszeit: 19:00 Uhr,https://www.gratis-in-berlin.de/images/stories/tipps/m_underwater_140708_0082_turkis-copy.jpg,Wasser ist das Element der Seele&  das alles aufnimmt&  Gutes wie Schlechtes&  Freude und Trauer&  Stärke und Schwäche&  Vergangenheit und Zukunft. Das Licht der Sonne&  den Duft von Blütenpollen&  die Asche eines Vulkans&  den Gesang der Meerjungfrau&  Tränen der Freude&  Sommerschweiß&  den Tanz der Libellen.  Mit seiner Fotoserie entführt uns der Künslter Tamboly unsere Besucher durch eine Reihe faszinierender Unterwasser Szenen in dem beliebten Szene-Lokal Mein Haus am See.  Die Vernissage beginnt um 19:00 Uhr.  Die Ausstellung geht bis zum 16.09.2019.  Tamboly Photodesign www.tambolydesign.com www.supernova.gallery __________________________________  Water is the element of the soul&  that receives everything&  good as bad&  joy and sorrow&  strength and weakness&  past and future. The light of the sun&  the fragrance of flower pollen&  the ash of a volcano&  the singing of the mermaid&  tears of joy&  summer sweat&  the dance of the dragonflies.  With the photo series by the artist Tamboly our visitors will be whisked away through a couple of fascinating underwater scenes in the trendy club Mein Haus am See.  The opening starts at 19:00 h.  The exhibition will last till the 11th of september 2019.  Tamboly Photodesign www.tambolydesign.com www.supernova.gallery,GRATIS,
Geschmackssache: Essen ist Kunst!,Montag 19.08.2019 bis Dienstag 17.09.2019 - Anfangszeit: :00 Uhr,Hellersdorfer Straße 27 12621 Berlin - zum Stadtplan,Kinder & Jugendliche,https://www.gratis-in-berlin.de/images/stories/tipps/m_26-2019-01-31-gs-karpfenteich-jorisfelixpatzschke-mittel-1.jpg,Tainá und RESTLOS GLÜCKLICH e.V. wollen mit EUCH zusammen eine Kunst-Ausstellung zum Thema Lebensmittelverschwendung gestalten! Seid dabei&  begleitet uns zu spannenden Ausflügen und genießt Lebensmittel mit einem Retterherz!  Jeder Nachmittag ist anders: Es erwarten euch Schnippelaktionen mit geretten Lebensmitteln&  Ausflüge in Museen und umliegende Stadtgärten und natürlich viele schöne Stunden&  in denen ihr an euren Kunstwerken arbeiten könnt.  Am 3. September geht es los. Wir treffen uns immer dienstags von 15:00 bis 17:30 Uhr in der Villa Pelikan in Berlin-Hellersdorf im Seminarraum. Der Workshop endet am 3.12.  Anfang Dezember werden eure Kunstwerke dann in der Nachbarschaft ausgestellt!,GRATIS,
Nadja Schöllhammer WANDLER,Freitag 09.08.2019 bis Freitag 20.09.2019 - Anfangszeit: 19:00 Uhr,Turmstraße 75 10551 Berlin - zum Stadtplan,Kunst,https://www.gratis-in-berlin.de/images/stories/tipps/m_schoellhammer3.jpg,Nadja Schöllhammer WANDLER Expandierende Raumzeichnungen  Eröffnung: Freitag 9. August&  19 Uhr Einführung: Veronika Witte  Ausstellung: 10. August - 20. September 2019&  Di-Sa 12-19 Uhr  Mit dieser umfassenden Einzelausstellung bietet die Galerie Nord der Künstlerin Nadja Schöllhammer einen dreigliedrigen Transformationsraum&  in dem sie die Elemente&  Module und Werkgruppen ihres faszinierenden&  überbordenden Œuvres neu verschalten wird. Mittels ihrer selbst entwickelten Methoden des erweiterten Zeichnens entgrenzt sie das Verhältnis zwischen Zeichnung&  Malerei&  Raum und Narration. Dabei spielt sie mit Akkumulation&  Überlagerung&  Unüberschaubarkeit und der transformatorischen Kraft der Wucherung und der Entäußerung.  Mit einer eigens für den zentralen Raum der Galerie entwickelten In-situ-Installation aus Plakatfragmenten&  Collagen&  Cut-outs&  Aquarellen und skulpturalen Elementen präsentiert Schöllhammer eine umfassende Visualisierung komplexer Prozesse des Kommunizierens zwischen dem Sagbaren und dem Unsagbaren. Darüber hinaus zeigt sie eine Auswahl zweidimensionaler Arbeiten&  deren Dickicht an Farben&  Formen und Linien sich einer schnellen Dechiffrierung entziehen.  Ein Ausgangspunkt ihrer Arbeit ist ihr Interesse an unterschiedlichen kulturellen Riten&  Sagen&  Mythen&  an traumartigen Zuständen sowie an vorsprachlichen Prozessen&  die sie auf inhaltlicher und materieller Ebene erforscht. Sie geht an die Grenzen der von ihr bevorzugten fragilen und formbaren Materialien wie Papier und Silikon und bearbeitet die Fragmente ihrer Collagen und Zeichnungen mit Skalpell&  Gasbrenner und Klebepistole&  akkumuliert und überzieht sie mit einem Gespinst aus Linien&  Netzen und Strukturen.  Wahn&  Verwandlung&  Schleier&  Maskerade&  Schein und Komödie – die Fratzen der Protagonistinnen zeugen von lustvollen und dramatischen Prozessen der künstlerischen Bearbeitung&  die zwischen filigranem&  präzisem Vorgehen und offenem Spiel changieren. Die so entstehenden Module&  Elemente und papiernen Protagonisten verwebt sie zu einem rhizomatischen System&  welches selbst zum Akteur wird und in dem sich das Wissen des physischen Außenraumes und des mentalen Innenraumes durchdringt. Wir stehen und blicken in ein Dickicht aus Linien und fragilen Inseln&  auf denen sich unter einem Schleier aus Farbe&  Linien&  Tusche und Silikon Gestalten tummeln. Mit weit aufgerissenen Mündern – leise wispernd oder mit schrillem Gesang – spazieren sie in unsere Unterwelten hinein&  verweilen dort und wandeln gemeinsam mit den drei Söhnen des Schlafgottes Somnus ihre Gestalt.  In ihrem facettenreichen Werk führt uns Schöllhammer gekonnt über den Grat der Bewusstseinsveränderungen&  deren Verlauf oft pathologisiert und als wahnhaft bezeichnet wird&  aber deren in sich kohärente Gedankengebäude und Welterfindungen ebenso „wahr“ und „real“ sein könnten wie allgemein anerkannte Deutungssysteme von Wirklichkeit.  Kuratiert von Veronika Witte  Begleitende Veranstaltungen:  Di 3. 9.&  19 Uhr Künstlerinnengespräch mit Barbara Heinrich und Nadja Schöllhammer  Mi 18. 9.&  18 Uhr Ausstellungsrundgang mit Nadja Schöllhammer und Veronika Witte  Mit freundlicher Unter­stützung der bezirklichen Förderfonds der Senats­verwaltung Kultur und Europa und der Karin Abt-Straubinger Stiftung,GRATIS,
Transylvania Retouched. A Matter of Landscape and Representation,Dienstag 25.06.2019 bis Freitag 20.09.2019 - Anfangszeit: 19:00 Uhr,Reinhardtstr. 14 10117 Berlin - zum Stadtplan,Kunst,https://www.gratis-in-berlin.de/images/stories/tipps/m_visual-communication-image.jpg,TRANSYLVANIA RETOUCHED. A MATTER OF LANDSCAPE AND REPRESENTATION  Works by: Aladár Garda&  Anca Benera & Arnold Estefan&  Zsolt Fekete&  Károly Elekes&  Lehel Kovács&  Mircea Nicolae&  Radu Băieș&  Szabolcs KissPál  OPENING on June 25&  19 – 22 h  June 25 – September 20 Tuesday – Friday&  14 – 18 h Reinhardtstr. 14&  10117 Berlin  **During the summer holidays 1.07-30.08 the exhibition can be visited by appointment only: office@rki-berlin.de  -------------------------------------------------------------------------------------- The Transylvanian landscape is depicted as a space synonymous with scenic natural beauty. A glance at any travel brochure confirms this representation as a nearly mythical landscape with beautiful mountains and rivers&  punctuated by glimpses of immemorial sheep herding and other pastoral activities.  The exhibition looks critically at the constructed nature of this representation. It demystifies the landscape as neutral&  objective&  innocent&  and averts the attention to the subjective human eye and mind that creates the landscape. By exploring the dynamics of power behind landscape articulations of Transylvania&  denaturalizing what is taken for granted&  the act of allegedly “neutral” nostalgic contemplation is replaced by a methodology of an inquisitive&  'reflective nostalgia' (Svetlana Boym). Can one retrace the process by which a landscape effaced its own readability? What ideals&  traumas&  desires does the landscape and its representation incapsulate? For whom and in which way?  Transylvania Retouched takes the freedom to confront various modes of artistic engagement with the landscape&  foreground their commonality as media of representation: painting&  photography&  documentation of land art interventions&  appropriation art&  performance&  docu-fictional and curatorial approaches by artists.  By bringing together artists of Romanian and Hungarian origin&  the exhibition also engages with the notion of what it could possibly mean to be a 'Transylvanian' artist and how can cultural heritage and traditions possibly be restaged. How can one restate traditions&  so that they do not preserve and promote the idea of nation&  but they envision instead a way of healing traumas in a potentially transnational and transcultural future?  Curated by Daniela Duca & Virág Major  A project of the Rumänisches Kulturinstitut Berlin with the friendly support of CHB - Collegium Hungaricum Berlin  --------------------------------------------------------------------------------------- ---------------------------------------------------------------------------------------  TRANSYLVANIA RETOUCHED. A MATTER OF LANDSCAPE AND REPRESENTATION  Vernissage am 25.06.2019&  19 UHR  25.06 - 20.09.2019 Di - Fr 14.00 - 18.00 Uhr Werke von: Aladár Garda&  Anca Benera & Arnold Estefan&  Zsolt Fekete&  Károly Elekes&  Lehel Kovács&  Mircea Nicolae&  Radu Băieș&  Szabolcs KissPál  *Während der Sommerferien&  in der Zeitspanne 1.07 - 30.08&  kann die Ausstellung nur nach Terminvereinbarung besucht werden: office@rki-berlin.de  --------------------------------------------------------------------------------------- Die transsilvanische Landschaft wird einhellig als eine einzigartige&  malerische Naturschönheit beschrieben. Ein Blick in jeden Reiseführer bestätigt diese Repräsentation als beinahe mythischen Naturraum mit schönen Gebirgen und Flüssen&  hier und da einer uralten Schafherde oder anderen Zeichen ländlicher Aktivität.  Die Ausstellung „Transylvania Retouched“ nimmt sich vor&  diese Konstruktion einer kritischen Betrachtung zu unterziehen. Dabei wird der Mythos von der unberührten&  neutralen&  angeblich objektiv wahrgenommenen Landschaft aufgelöst. Durch die Erforschung des Kräftespiels&  das die Gestaltung der transsylvanischen Landschaft bestimmt&  durch die Hinterfragung des Selbstverständlichen&  ersetzt die methodische Herangehensweise einer 'reflexiven Nostalgie' (Svetlana Boym) in diesem Zusammenhang die vermeintlich „neutrale“ nostalgische Betrachtung. Ist es möglich&  den Prozess&  durch den eine Landschaft ihre eigene Lesbarkeit ausgelöscht hat&  wieder rückgängig zu machen? Welche Ideale&  Traumata und Sehnsüchte enthält diese Landschaft beziehungsweise ihre Repräsentation? An wen richten sie sich und wie werden sie vermittelt?  Die Ausstellung stellt vielfältige Formen der künstlerischen Auseinandersetzung mit Naturräumen gegenüber&  bzw. nebeneinander: Landschaftsmalerei&  Fotografie&  Dokumentation von Land-Art Kunstaktionen&  Appropriation Art&  Performance&  doku-fiktionale und kuratorisch-künstlerische Ansätze.  Indem sie rumänische und ungarische KünstlerInnen zusammenbringt&  adressiert die Ausstellung zugleich die Frage nach der Identität des 'transsylvanischen' Kunstschaffenden&  aber auch nach der Möglichkeit der Wiederbelebung des kulturellen Erbes und der lokalen Traditionen. Wie können diese Traditionen neu interpretiert werden&  sodass sie das Konzept der Nation weder bewahren noch hervorheben&  und stattdessen eine Methode voranbringen&  wodurch Traumata in einem transnationalen und transkulturellen Kontext heilen können?  Kuratiert von Daniela Duca & Virág Major  Ein Projekt des Rumänisches Kulturinstitut Berlin mit der freundlichen Unterstützung des CHB - Collegium Hungaricum Berlin,GRATIS,
Ausstellung: 1000 Tage | 6 Blicke - Fotografien aus dem Chile der Unidad Popular,Donnerstag 05.09.2019 bis Samstag 21.09.2019 - Anfangszeit: 17:30 Uhr,Frankfurter Allee 14 a 10247 Berlin - zum Stadtplan,Kunst,https://www.gratis-in-berlin.de/images/stories/tipps/m_banner_klein.jpg,Chile im September 1970. Das Land ist in Aufbruchstimmung. Gerade hat Salvador Allende die Wahlen gewonnen. Das linke Regierungsbündnis der Unidad Popular verspricht nicht weniger als den Beginn eines neuen Chiles: gutes Leben für alle&  Gleichheit&  Gerechtigkeit und Spaß dabei. Viele Menschen leben mit Hingabe diese Vision eines demokratischen Sozialismus – ihr gemeinsamer Weg dauert 1000 Tage.  Chilenische und internationale Fotograf*innen hielten diese Euphorie in Bildern fest. Sie dokumentierten Demonstrationen&  Konzerte&  Ferienkolonien&  porträtierten aber auch das alltägliche Leben auf der Straße&  in Armenvierteln und Parks.  Die Ausstellung des Rechercheprojekts „Allendes Internationale“&  kuratiert von Anna Susi und Pamela Cuadros&  zeigt eine Auswahl dieser Momente&  aufgenommen durch die Linsen von Leonore Mau&  John M. Hall&  Karl Jagare&  Luis Poirot&  Marcelo Montealegre und Silvio Tendler.  Die Fotoschau wird eröffnet am Donnerstag&  5. September um 17:30 Uhr&  unter Anwesenheit zweier beteiligter Fotografen und mit einem musikalisch-filmischen Programm.  Begleitend zur Ausstellung findet am Samstag&  21. September von 10 bis 14 Uhr der Workshop „Politische blueprints. Ein Einführungskurs in das fotografische Druckverfahren der Cianotypie“ für die künstlerische und politische Arbeit statt. Die Teilnahme ist kostenfrei aber begrenzt. Mindestalter: 16 Jahre. Um eine vorherige Anmeldung unter unidadpopular@npla.de. bis zum 14. September wird gebeten.  Weitere Informationen unter www.internationalallende.org,GRATIS,
DIE WAHRE GESCHICHTE, ,Gelsenkircherstr. 20 13583 Berlin - zum Stadtplan,Freitag 30.08.2019 bis Sonntag 22.09.2019 - Anfangszeit: 19:00 Uhr,https://www.gratis-in-berlin.de/images/stories/tipps/m_die-wahre-geschichte_c-andr-bertholdt.jpg,Das jtw-Ensemble greift mit einer grotesken Parabel die Generationenkonflikte unserer Zeit auf. Für „Die wahre Geschichte“ werden mehrere Erzählungen miteinander verknüpft und ergeben ein Porträt der Gegenwart:  In einem fernen Land geht das Gerücht um&  die Herrscher verschlängen in feierlichen Banketten Kinder. Mit eine theatrale Sonderermittlung geht den Kannibalismusvorwürfen nach&  lässt sich die Sicht vom Alkohol vernebeln&  halluziniert&  schöpft erneut Kraft und verstrickt sich im Konflikt der Generationen&  in Vetternwirtschaft und Korruption. Kannibalismus als zentrales Motiv „der wahren Geschichte“ ist auch Sinnbild für unsere zeitgenössisch-kapitalistische und -kolonialistische Gesellschaft. Wir leben auf Kosten der nachfolgenden Generationen&  unserer Kinder – und diese haben nur 3 Möglichkeiten : sie rebellieren&  sie begreifen das System und führen es fort oder sie werden gefressen.  Eine reale Fiktion mit Schlager-Musik und großen Kostümen.  REGIE Carlos Manuel BÜHNE João Anna KOSTÜME Verena Hay,GRATIS,
Sommer in Berlin: Feste |  Veranstaltungen |  Events |  Tips |  Open Air,Freitag 24.05.2019 bis Sonntag 22.09.2019 - Anfangszeit: :00 Uhr,Berlin - Berlin,Outdoor,https://www.gratis-in-berlin.de/images/stories/tipps/m_img_4900.jpg,In Berlin gibt es besondere Sommerfeste&  Stadfeste&  Kiezfeste und Festivals (Fettschrift = klickbarer Link :-). Auf einigen Festen illuminieren auch spektakuläre Feuerwerke&  die wir in der gleichnamigen Kategorie fortlaufend aktualisieren&  das nächtliche Berlin. Außerdem machen in unserer Kategorie Outdoor Angebote wie Grill- und Picknickplätze&  Trimm-Dich-Pfade&  Badestellen und ein Fahrrad-Routen-Planer den Berliner Sommer zu einem besonderen Freiluft-Vergnügen. In der Kategorie Tolle Touren finden sich bei den Tips mit Datum geführte Radtouren und Spaziergänge&  aber auch Jogging-Strecken mit Sightseeing. In der Kategorie Schatztruhe finden sich besondere Märkte und Flohmärkte&  Open Airs sind neben der Kategorie Festivals je nach Tipp-Geber auch manchmal in der Kategorie Partys gelistet.,GRATIS,
"Gesichter einer Stadt" - Fotoausstellung im RegenbogenCafé, ,Lausitzer Straße 22 10999 Berlin - zum Stadtplan,Samstag 24.08.2019 bis Donnerstag 26.09.2019 - Anfangszeit: 19:00 Uhr,https://www.gratis-in-berlin.de/images/stories/tipps/m_20190824_ausstellung_monika_v_wegener_graffiti_1_netz.jpg,Street-Art in Berlin  "Street-Art gibt es an vielen Orten in Berlin. Zum Beispiel an Fassaden&  Mauern&  auf Werbetafeln&  Verkehrsschildern und anderen Flächen. Sie haben der Stadt und dem öffentlichen Raum ihren Stempel aufgedrückt und dem rebellischen Potential eine andere Ausdrucksform gegeben.  Mich interessieren besonders die Darstellungen menschlicher Gestalten und Gesichter. Sie geben für mich ein Bild der Zeit wieder&  in der wir leben und der Perspektive&  aus der wir uns betrachten".  Monika v. Wegerer ist 1945 in Berlin geboren. Hier wuchs sie auf und unternahm ihre ersten fotografischen Schritte. Doch erst im Alter von 45 Jahren bekam sie in London die Möglichkeit&  ihr Wissen über Fotografie – was vorher einfach nur Hobby war- durch ein Studium zu erweitern. Sie lernte&  dass man mit der Fotografie nicht nur Erinnerungen und einzigartige Augenblicke festhalten&  sondern auch Geschichten erzählen&  sowie neues gestalten kann.  Seitdem hat sie die Fotografie nicht mehr losgelassen. Es macht ihr Spaß&  die Realität auf ihre Art und Weise einzufangen.,GRATIS,
"Gesichter einer Stadt" - Fotoausstellung im RegenbogenCafé, ,Lausitzer Straße 22 10999 Berlin - zum Stadtplan,Samstag 24.08.2019 bis Donnerstag 26.09.2019 - Anfangszeit: 19:00 Uhr,https://www.gratis-in-berlin.de/images/stories/tipps/m_20190824_ausstellung_monika_v_wegener_graffiti_1_netz.jpg,Street-Art in Berlin  "Street-Art gibt es an vielen Orten in Berlin. Zum Beispiel an Fassaden&  Mauern&  auf Werbetafeln&  Verkehrsschildern und anderen Flächen. Sie haben der Stadt und dem öffentlichen Raum ihren Stempel aufgedrückt und dem rebellischen Potential eine andere Ausdrucksform gegeben.  Mich interessieren besonders die Darstellungen menschlicher Gestalten und Gesichter. Sie geben für mich ein Bild der Zeit wieder&  in der wir leben und der Perspektive&  aus der wir uns betrachten".  Monika v. Wegerer ist 1945 in Berlin geboren. Hier wuchs sie auf und unternahm ihre ersten fotografischen Schritte. Doch erst im Alter von 45 Jahren bekam sie in London die Möglichkeit&  ihr Wissen über Fotografie – was vorher einfach nur Hobby war- durch ein Studium zu erweitern. Sie lernte&  dass man mit der Fotografie nicht nur Erinnerungen und einzigartige Augenblicke festhalten&  sondern auch Geschichten erzählen&  sowie neues gestalten kann.  Seitdem hat sie die Fotografie nicht mehr losgelassen. Es macht ihr Spaß&  die Realität auf ihre Art und Weise einzufangen.,GRATIS,
QLab Grüne Stadt - Ein Qualifizierungsangebot für Frauen, ,Lehderstraße 108 13086 Berlin - zum Stadtplan,Dienstag 03.09.2019 bis Donnerstag 26.09.2019 - Anfangszeit: 09:00 Uhr,https://www.gratis-in-berlin.de/images/stories/tipps/m_qlab_logo_facebook-1.jpg,Die QLabs richten sich an arbeits- und erwerbslose Frauen aller Alters- und Berufsgruppen und bieten eine praktisch ausgerichtete Qualifizierung in den Themenfeldern Umwelt&  Nachhaltigkeit und Digitalisierung.  In den QLabs arbeiten wir in Gruppen von maximal 12 Frauen an konkreten Bau- und Gestaltungsprojekten. Begleitend erhalten die Teilnehmerinnen professionelle Unterstützung um ihre Stärken und Potenziale für die eigene berufliche Zukunft herauszuarbeiten.  Jedes QLab dauert 4 Wochen&  umfasst 10 Fortbildungstage zu je 6 Stunden (9-15 Uhr) und findet bei BAUFACHFRAU Berlin e.V. sowie bei ausgewählten Kooperationspartnern statt. Nach erfolgreichem Abschluss erhält jede Teilnehmerin ein qualifiziertes Zertifikat.  Dank der Förderung des Projekts aus Mitteln des Europäischen Sozialfonds und der Senatsverwaltung für Gesundheit&  Pflege und Gleichstellung&  Abteilung Frauen und Gleichstellung&  ist die Teilnahme an der Qualifizierung kostenfrei.  QLab Grüne Stadt: Von Urbanfarming bis zur Fassaden- und Dachbegrünung  Die Stadt ist grüner als wir denken - ein QLab über die vielfältigen Möglichkeiten der Stadtbegrünung!  Wir beschäftigen uns unter anderem mit den Themen "Essbare Stadt"&  "Urban Gardening und Gemeinschaftsgärten"&  "Gebäudebegrünung in allen Formen"&  sowie "Innovative urbane Nahrungsmittelproduktion".  In diesem QLab lernen wir&  die Stadt einmal mit ganz anderen Augen zu sehen - und natürlich begrünen wir sie auch selbst!,GRATIS,
Stripburger in print: Seit 1992,Freitag 06.09.2019 bis Samstag 28.09.2019 - Anfangszeit: 19:00 Uhr,neurotitan gallery Rosenthaler Str. 39 10178 Berlin - zum Stadtplan,Kunst,https://www.gratis-in-berlin.de/images/stories/tipps/m_ausstellung-c-hartwig-klappert_ilb-2012_online_version_klein-1.jpg,Seit 1992 bietet das slovenische Comicmagazin »Stripburger« ein lebendiges Forum für verschiedenste internationale Comickünstler*innen&  Zeichen- und Erzählstile. Die Neurotitan Gallery stellt eine Auswahl der besten Arbeiten aus den letzten 27 Jahren Magazinproduktion vor und führt damit ins Herz von Europa. Unter den ausgestellten Künstler*innen sind: David Krančan [SLOWENIEN]&  Andrej Štular [SLOWENIEN]&  Igor Hofbauer [HU]&  Atak [D]&  Max Andersson [S]&  Marcel Ruijters [NL] und viele mehr.Eröffnung am 6. September 2019&  19 Uhr,GRATIS,
Stripburger in print: Since 1992 - Slovenian comic delicacies with a distinctive international flavour -, ,Rosenthaler Str. 39 10178 Berlin - zum Stadtplan,Samstag 07.09.2019 bis Samstag 28.09.2019 - Anfangszeit: 12:00 Uhr,https://www.gratis-in-berlin.de/images/stories/tipps/m_stripburger_jakob-klemencic_-web.jpg,Laufzeit: 06.09.2019 - 28.09.2019 Galerie-Öffnungszeiten: Mo-Sa 12-20 Uhr  Filmvorführung: Freitag&  13. September&  um 19 Uhr Tito on Ice und Flat Dog Town von Max Andersson  David Krančan | Andrej Štular | Gašper Rus | Kaja Avberšek |Marko Kociper | Martin Ramoveš | Matej Stupica | Ciril Horjak | Matej Lavrenčič | Matej de Cecco | Saša Kerkoš | Nez Pez | Leon Zuodar |Mina Fina | Zoran Pungerčar (SI) | Marcel Ruijters (NL) | Max Andersson | Lars Sjunnesson (SE) Atak | Till Lukat | Arkadi (DE) | Danijel Žeželj | Igor Hofbauer | Dunja Janković (HR) | Lars Fiske | Bendik Kaltenborn (NO) | Matti Hagelberg | Jyrki Heikkinen (FI) | Javier Triviño Murillo (ES) | Stephane Blanquet | Pakito Bolino (FR) |Filipe Abranches | Oficina Arara (PT) | Mateusz Skutnik (PL) | Matei Branea (RO) | Andrea Bruno (IT) and some more!  Das slowenische Comicmagazin Stripburger steht für einen einzigartigen Zusammenschluss von Künstler*innen&  Stilarten und vielschichtigen Narrativen. Bereits seit den Anfängen im Jahr 1992 begann Stripburger&  eine Vorreiterposition für die Veröffentlichung unabhängiger Comics in Slowenien einzunehmen. Von Anfang an war es das Ziel&  nationale Grenzen zu überschreiten&  internationales Interesse zu wecken und Künstler*innen aus der ganzen Welt einzubeziehen. Heute ist Stripburger bekannt für den unablässigen Einbezug von Comicautor*innen und der lokalen Comicszene. Dies verbunden mit exzellenten Comics aus aller Welt&  machen das Magazin so einzigartig und aktuell.  Die Ausstellung in der Galerie neurotitan zeigt das Beste aus 27 Jahre Stripburger! Dazu zählen nicht nur Originalseiten ausgewählter Comics&  sondern auch eine Vielzahl an anderen grafischen und gedruckten Artikeln: Siebdruckplakate&  Cover&  Comic-Bücher und Sondereditionen wie Honey Talks&  Greetings from Cartoonia&  GolažGollage&  Stripble und Workburger.  Die ausgestellten Werke wurden von einer Reihe slowenischer und ausländischer Comiczeichner*innen signiert und präsentieren eine breite Palette an originellen Ausdrucksformen&  künstlerischen Stilen und technischen Lösungen. Die Ausstellung soll dem internationalen Publikum einen Einblick in die vielfältigen und außergewöhnlichen zeitgenössischen Comics und grafischen Produktionen von Künstler*innen geben&  die sich rund um das Stripburger Magazin versammelt haben.  Stripburger ist ein internationales Comic-Magazin&  das im slowenischen Ljubljana veröffentlicht wird. Mit der ununterbrochenen Veröffentlichung seit mehr als einem Vierteljahrhundert ist es heute eines der international bekanntesten Phänomene in der slowenischen Comicszene und ein wichtiges Mitglied der „worldwide independent comics 'conspiracy' “. Im Laufe der Jahre strebte Stripburger immer mehr danach&  gesellschaftskritische und auch prekäre Themen zu behandeln wie Wahnsinn&  Behinderungen&  Sexualität&  Ökologie&  Krieg und Menschenrechte. Sie alle sind zu Spezialthemen des Magazins geworden. Das Neueste unter ihnen ist Workburger&  eine Sammlung von Comics&  die sich mit zeitgenössischen Arbeitsverhältnissen befasst. Weitere Aktivitäten des Magazins liegen außerdem bei Comic-Ausstellungen&  Workshops&  Vorträgen und ähnlichen Projekten mit dem Ziel&  die Comic-Kultur und Kreativität in Slowenien und im Ausland zu fördern.  www.stripburger.org www.facebook.com/stripburger www.instagram.com/stripburger  Bild: Jakob Klemencic,GRATIS,
Ausstellung: Ariol's Welt, ,Kurfürstendamm 211 10719 Berlin - zum Stadtplan,Dienstag 03.09.2019 bis Samstag 28.09.2019 - Anfangszeit: 14:00 Uhr,https://www.gratis-in-berlin.de/images/stories/tipps/m_image-newsletter-homepage-expo-boutavant-all-low-quality.jpg,Die spielerische und farbenfrohe Ausstellung lädt Sie ein&  die Welt von Ariol zu entdecken&  die der Illustrator Marc Boutavant und der Autor Emmanuel Guibert im Laufe der letzten 18 Jahre geschaffen haben. Zum Höhepunkt der Ausstellung&  am 28. September um 17 Uhr&  wird ein Comic-Konzert&  "Ariol's Show"&  von den beiden Künstlern (Gesang&  Gitarre und Live-Comic) präsentiert.  · Ausstellung: Die Ausstellung präsentiert Albumtafeln mit Charakterpräsentationen&  Lithographien&  einem "Riesen-Gänse-Spiel" sowie einem Animationsfilm über die Entwicklung von Ariol und seinen Kollegen im Laufe der Zeit und über den Prozess der Schöpfer von der Arbeit am Comic bis hin zum Animationsfilm. Ariol&  ein Viertklässler&  lebt mit seinen Eltern: sein Vater Hufus und seine Mutter Mulchen Haverkamp. Ariol hat einen besten Freund&  Ramono&  ein kleines&  nicht sehr freundliches Schwein und eine Geliebte&  Petula&  eine hübsche Kuh mit Sommersprossen. Er verbringt seine Ferien bei Opa und Oma. Herr von Schnapp&  ein strenger&  aber fairer Hund&  ist sein Lehrer. Und vor allem liebt Ariol den Hengst Heldenhuf&  seinen Lieblingshelden. Wie auch immer&  Ariol ist genau wie du und ich.  · Schüler-Workshops : Comic-Workshops werden von Alex Chauvel angeboten&  Autor beim Verlag Reprodukt. Mögliche Treffen mit Marc Boutavant oder Emmanuel Guibert für Klassen&  die am Comic-Workshop teilnehmen werden. Dauer eines Workshops: 1 ½ Stunden (45 Minuten: Vorführung eines Ariol-Animationsfilms; 45 Minuten: Comic-Workshop) Weitere Informationen und Anmeldung unter mediathek.berlin@institutfrancais.de  · " Ariol's Show" Für die neue Ariol-Saison komponierte Emmanuel Guibert&  der Drehbuchautor der Comic-Serie&  Lieder (Veröffentlichung einer CD 2018). Die "Ariol's Show"&  ein Comic-Konzert&  das am 28. September um 17 Uhr präsentiert wird&  geöffnet für alle&  zeigt künstlerisch und als Live-Show die Ariol-Figuren mit dem Illustrator Marc Boutavant und dem Autor Emmanuel Guibert !  Ein Projekt in Zusammenarbeit mit der Kulturabteilung der französischen Botschaft in Deutschland und mit dem Verlag Reprodukt.  - Eintritt frei zur Ausstellung - Ausstellung vom 03.09.2019 bis 28.09.2019 - "Ariol's Show" am 28.09.2019 um 17.00 Uhr&  Eintritt: 7-5€&  Anmeldung erforderlich an mediathek.berlin@institutfrancais.de - Öffnungszeiten der Galerie: Montag bis Freitag: 14.00 - 18.00 Uhr&  Samstag: 11.00 - 15.00 Uhr,GRATIS,
Die Aktgalerie / "Körpermalerei Alia Cutis und Hommage an das Tarot" von Helmut Baumann und Wolfgang Hingst,Freitag 06.09.2019 bis Sonntag 29.09.2019 - Anfangszeit: 15:00 Uhr,Krossener Straße 34 10245 Berlin - zum Stadtplan,Kunst,https://www.gratis-in-berlin.de/images/stories/tipps/m_hommage-an-das-tarot.jpg,Die Aktgalerie  Krossener Straße 34&  10245 Berlin-Friedrichshain  Vernissage: 06.09.2019 19.00 Uhr  06.09.-29.09.2019  Fr/Sa/So 15 - 19 Uhr  Körpermalerei : Alia Cutis und Hommage an das Tarot  Das ist die dritte Gemeinschaftsausstellung&  der Fotografen Helmut Baumann und Wolfgang Hingst&  in der Aktgalerie. Ihre Shootings sind inszenierte Kurzgeschichten mit Themen die im Mittelalter aktuell waren und es heute immer noch sind. Ob Liebe&  Macht&  Freundschaft&  Gesundheit oder Freiheit das sind Geschichten die die Menschen damals bewegten&  heute und ganz sicher auch noch übermorgen. Um diese Themen in der Aktfotografie interessant zu gestalten&  wird mit der Körpermalerei von alia cutis eine künstlerische Ebene geschaffen in der die Akteure&  Modelle und Fotografen sich entfalten können. Die Ergebnisse sind als großformatige Fotos in der Aktgalerie zu betrachten.,GRATIS,
Group Exhibition 'Open', ,Tempelhofer Feld Haus 104 12049 Berlin - zum Stadtplan,Freitag 06.09.2019 bis Sonntag 29.09.2019 - Anfangszeit: :00 Uhr,https://www.gratis-in-berlin.de/images/stories/tipps/m_fotojpg_open-ehibit-for-web1.jpeg,GROUPEXHIBITION | OFFEN | OPEN | OTWARTE | ОТКРЫТО | OUVERT | APERTO  PARTICIPATING ARTISTS: Nino Crociani | Tobias Deicke | Ola Eibl | Ewa Finn | Jolanta Gmur | Michael G. Gromotka | Daniela Lorenzi | Tomasz Malec | Gabi Raddau | Johan Robin | Anja Tchepets /// graphic prints * photography * film installation * painting * objects * drawing * concept /// We are a group of 11 international artists&  coming from various art directions&  which come together for the first time to host a group-exhibition on the Tempelhofer Feld in House 104. In our works we are playing with the word "OPEN". The inspiration for the title is adapted to the idea and the character of that special location and area. /// opening / 06.09.2019 / 18 Uhr /// Live-Performance «BADMAN CITY» at 20 Uhr /// ATTENTION!At 20:30 the entrances to the Tempelhofer Feld will be closed. The exits remain open. /// opening times / tue to sun 2-8 p.m. /// The exhibition will be accompanied by a catalogue.,GRATIS,
Die Aktgalerie / "Körpermalerei - Alia Cutis" von Helmut Baumann und Wolfgang Hingst,Freitag 06.09.2019 bis Sonntag 29.09.2019 - Anfangszeit: 14:00 Uhr,Krossener Straße 34 10245 Berlin - zum Stadtplan,Kunst,https://www.gratis-in-berlin.de/images/stories/tipps/m_alia-kutis.jpg,Fotografie: Helmut G. Baumann / Wolfgang Hingst  06.09.-29.09.2019  Vernissage: 06.09.2019 19.00 Uhr  Körpermalerei : alia cutis  Das ist die dritte Gemeinschaftsausstellung&  der Fotografen Helmut Baumann und Wolfgang Hingst&  in der Aktgalerie. Ihre Shootings sind inszenierte Kurzgeschichten mit Themen die im Mittelalter aktuell waren und es heute immer noch sind. Ob Liebe&  Macht&  Freundschaft&  Gesundheit oder Freiheit das sind Geschichten die die Menschen damals bewegten&  heute und ganz sicher auch noch übermorgen. Um diese Themen in der Aktfotografie interessant zu gestalten&  wird mit der Körpermalerei von alia cutis eine künstlerische Ebene geschaffen in der die Akteure&  Modelle und Fotografen sich entfalten können. Die Ergebnisse sind als großformatige Fotos in der Aktgalerie zu betrachten.  Die Aktgalerie  Krossener Straße 34 12245 Berlin-Friedrichshain  Fr.&  Sa.&  So. 15.00 – 19.00 Uhr,GRATIS,
BETWEEN BLOCKS - Fotoausstellung zu Belgrad,Freitag 16.08.2019 bis Montag 30.09.2019 - Anfangszeit: 18:30 Uhr,Heimstr. 3 10965 Berlin - zum Stadtplan,Kunst,https://www.gratis-in-berlin.de/images/stories/tipps/m_between-blocks.jpg,ENGLISH BELOW  Vom 16. August bis 30. September stellt die junge Belgrader Fotografin Sanja Kostic in der Weinbar 7 Mares in Kreuzberg Bilder zu der serbischen Hauptstadt aus - Architektur&  Menschen&  Alltag. Eintritt frei.  "BETWEEN BLOCKS&  zwischen den Blocks&  (oder wie es auf Serbisch heißt 'Život na Betonu'&  das 'Leben im Beton') ist eine Redewendung&  die einen ganz bestimmten Lebensstil bezeichnet&  wie er in einer Umgebung aus künstlich geschaffenem Stein stattfindet; eine Beschreibung sämtlicher Facetten des Lebens in einer Metropole – einem Raum voller Lebendigkeit&  Menschen&  Gebäude und Verkehr wie auch täglicher Herausforderungen. Belgrad ist eines von unzähligen Mikrouniversen&  in denen man sich fühlt als gäbe es nicht viel mehr auf der Welt als das&  was man direkt vor sich sieht."  Sanja Kostić&  25&  ist in der serbischen und ehemals jugoslawischen Hauptstadt Belgrad geboren und aufgewachsen. Ihr Interesse an der Fotografie begann in ihren frühen Teenagerjahren und ließ sie auch nicht während des Archäologie-Studiums in ihrer Heimatstadt los. Nach ihrem Abschluss begann sie als freie Fotografin zu arbeiten&  wobei sie sich auf Reise-&  Lifestyle- und Straßenfotografie konzentriert. Sie hat die Fotos für einen DuMont-Reiseführer zu Belgrade geliefert&  der im Januar 2019 erschien&  und arbeitet zurzeit gemeinsam mit ihrem Freund an einem weiteren DuMont-Buch zu ganz Serbien.  ENGLISH VERSION  From August 16 to September 30 the young Belgrade photographer Sanja Kostic is presenting her pictures of the Serbian capital at the wine shop 7 Mares in Kreuzberg - architecture&  people&  everyday life. Free entrance.  "BETWEEN BLOCKS (or as Serbs say 'Život na Betonu'&  the 'Life on concrete') is a phrase that stands for a certain lifestyle occurring in a surrounding made of artificial stone – a representation of all facets of living in a metropolis&  a space filled up with life&  people&  buildings and traffic as well as everyday challenges. Belgrade is one of countless similar micro universes in which one feels like there is not much else out there than what is directly in front of oneself."  Sanja Kostić&  25&  was born and raised in Belgrade&  capital of Serbia as well as former Yugoslavia. Her interest in photography started in her early teenage years and did not fade even during her studies of Archaeology in her hometown. After her graduation she started working as a freelance photographer focusing on travel&  lifestyle and street photography. She has taken pictures for a DuMont travel guide on Belgrade that was published in January 2019 and is currently working with her boyfriend on another DuMont book on the whole Serbia.,GRATIS,
Programm für Kinder und Jugendliche auch auf vielen Festen etc.,Sonntag 17.03.2019 bis Montag 30.09.2019 - Anfangszeit: :00 Uhr,Berlin - Berlin,Kinder & Jugendliche, ,,GRATIS,
Film- und Lichtprojektion am Deutschen Bundestag, ,11011 Berlin Germany - 11011 Berlin Germany,Montag 24.06.2019 bis Donnerstag 03.10.2019 - Anfangszeit: :00 Uhr,https://www.gratis-in-berlin.de/images/stories/tipps/m_7318_1.jpg,"Freilicht-Kino" Multimediale Inszenierung am Marie-Elisabeth-Lüders-Haus Bis zum 3. Oktober findet wieder eine Film- und Lichtprojektion zur Parlamentsgeschichte vor besonderer Kulisse statt: Allabendlich verwandelt sich das Marie-Elisabeth-Lüders-Haus in eine große Lichtspielbühne.  Vom Friedrich-Ebert-Platz und Reichstagsufer aus kann man über die Spree hinweg wichtige Wegmarken und emotionale Ereignisse deutscher Parlamentsgeschichte erleben. Eine Vorführung dauert rund 30 Minuten. An jedem Abend des Sommers wird der Film zwei Mal hintereinander gezeigt. Die Projektion startet bei Einbruch der Dunkelheit. Der Zuschauerbereich befindet sich auf dem Friedrich-Ebert-Platz am südlichen Spreeufer. Der Besuch ist kostenlos. Das Zuschauen ist zu jedem Zeitpunkt möglich.  ab 24. Juni um 22.15 Uhr ab 15. Juli um 22.00 Uhr ab 29. Juli um 21.45 Uhr ab 12. August um 21.15 Uhr ab 26. August um 20.45 Uhr ab 9.September um 20.15 Uhr  Über die im Zentrum befindliche Spielfläche hinaus ist das gesamte Marie-Elisabeth-Lüders-Haus Teil der Inszenierung. Insgesamt werden fünf Projektionsflächen bespielt. Die größte Fläche ist 300 Quadratmeter groß&  die kleinste 21 Quadratmeter. Zusätzlich werden mit Laserprojektoren weitere Motive auf verschiedenen Gebäudeteilen abgebildet. Die Scheinwerfer erschaffen eine eindrucksvolle Aura und hüllen die Architektur des Marie-Elisabeth-Lüders-Hauses in ein besonderes Licht.,GRATIS,
No More Walls!Gedanken und Botschaften zum Mauerfall,Dienstag 13.08.2019 bis Sonntag 06.10.2019 - Anfangszeit: 10:00 Uhr,Bernauer Str 119 13355 Berlin - zum Stadtplan,Museen, ,Mehr Infos im Internet: https://www.berliner-mauer-gedenkstaette.de,GRATIS,
Platonische Körper (Vernissage), ,Kastanienallee 103 10435 Berlin - zum Stadtplan,Mittwoch 04.09.2019 bis Montag 07.10.2019 - Anfangszeit: 19:00 Uhr,https://www.gratis-in-berlin.de/images/stories/tipps/m_67403358_2333467643427268_7188523365026496512_o-1.jpg,Die platonischen Körper sind elementare Grundformen&  die auf allen denkbaren Ebenen vorkommen. Ob in der Welt der Mineralien oder im Microkosmos - überall treffen wir diese Grundformen an. In der Philosophie und Wissenschaft haben sie Pythagoras&  Platon&  Archimedes und Keppler beschäftigt und viele weitere bekannte Ikonen der Zeitgeschichte waren der Faszination dieser Formen erlegen. Die Ausstellung des Künstlers Ringo findet in dem Berliner Szenelokal an einem Sonntag im August statt. Insgesamt ist die Ausstellung noch bis zum 7. Oktober zu besichtigen.,GRATIS,
Gemeinschaftsausstellung „Augenwerk“, ,Grolmanstraße 53 10623 Berlin - zum Stadtplan,Freitag 06.09.2019 bis Dienstag 08.10.2019 - Anfangszeit: :00 Uhr,https://www.gratis-in-berlin.de/images/stories/tipps/m_09_augenwerk.jpg,Sandra Kolondam und Klaus Soppe suchen in der gegenständlichen&  realistischen Malerei neue Grenzen und darstellerische Möglichkeiten auszuloten. Auf Basis von Ittens Farbenlehre erforschen sie Kontraste&  Farben&  Struktur und Licht in ihrem ganzen Potenzial. Die Wirkung ihrer bildnerischen Arbeiten liegt im Auge und im subjektiven Anspruch des Betrachters und fordert diesen in seiner Beobachtung. Dementsprechend bezieht sich der Ausstellungstitel Augenwerk auf das Sehen und das Spielen mit unserer visuellen Wahrnehmung. Hierbei geht es vor allem um die Anwendung und Mischung von Farben in verschiedenen und neuen Techniken. Vernissage am Freitag 13.092.2019 ab 19:00 Ausstellung bis Dienstag 08.10.2019 Öffnungszeiten: Dienstag bis Freitag: 13:00 bis 19:00 Uhr Samstag: 11:00 bis 16:00 Uhr  Eintritt frei,GRATIS,
180 Jahre Fotografie. Ausstellung,Dienstag 20.08.2019 bis Samstag 19.10.2019,Berlin - Berlin,Kunst, ,Mehr Infos im Internet: https://www.ternovaja.photography,GRATIS,
ARENA |  eine Lautsprecherskulptur, ,Pallasstraße 5 10781 Berlin - zum Stadtplan,Sonntag 30.06.2019 bis Sonntag 27.10.2019 - Anfangszeit: 11:00 Uhr,https://www.gratis-in-berlin.de/images/stories/tipps/m_logo-arena-2019-2.png,ARENA ist eine Skulptur aus 320 recycelten und angeschlossenen Lautsprechern in Form eines kleinen Amphitheaters. Die ARENA wird bis zum 27. Oktober 2019 auf der Freifläche vor der Pallasstr. 5 in Berlin-Schöneberg stehen und wir würden uns freuen&  wenn Sie diese interaktive Skulptur als einen Ort der Begegnung und des Austausches verstehen und nutzen werden.  Sie können sich täglich zwischen 11 Uhr und 19 Uhr mit der ARENA verbinden: > indem Sie sich über zwei Telefonnummern 0178 8382615 und 0178 838 2618 einwählen und für drei Minuten Rede bzw. Sendezeit haben > indem Sie sich über Bluetooth und ihre Smartphones einloggen und Botschaften an die Skulptur weiterleiten > indem Sie sich über einen Line-In Eingang ihre Geräte (z.B: Mikrofon) direkt an die Skulptur anschließen > via Twitter unter #speakersarena posten: die Skulptur macht die Nachricht hörbar.   English version  ARENA is a sculpture of 320 recycled and connected loudspeakers in the form of a small amphitheatre. The ARENA will stand until 27 October 2019 on the little square in front of Pallasstr. 5 in Berlin-Schöneberg and we would be delighted if you would understand and use this interactive sculpture as a place of encounter and exchange.  You can connect to the ARENA daily between 11 am and 7 pm: > calling two telephone number 0178 8382615 and 0178 838 2618 and expressing themselves for 3 minutes > via Bluetooth and individual Smartphones people can relay songs and messages to the sculpture > via direct „line in“ people can connect their devices and instruments directly to the sculpture. Or speak through a microphone > via an “audio twitter” #speakersarena (messages will be “hearable”)  Infos: http://www.speakersarena-berlin.de • http://www.benoitmaubrey.com,GRATIS,
Klosterruine Berlin - Sommerprogramm 2019, ,Klosterstraße 73a 10179 Berlin - zum Stadtplan,Dienstag 04.06.2019 bis Donnerstag 31.10.2019 - Anfangszeit: 10:00 Uhr, ,Mehr Infos im Internet: http://www.klosterruine.berlin,GRATIS,
Schwarz-weiß-Fotografien von Gerd Danigel, ,Am Köllnischen Park 5 10179 Berlin - zum Stadtplan,Donnerstag 13.06.2019 bis Sonntag 03.11.2019 - Anfangszeit: 10:00 Uhr,https://www.gratis-in-berlin.de/images/stories/tipps/m_gerd-danigel-4_33-copyright.jpg,Sonderpräsentation im Café des Märkischen Museums - täglich außer montags  Aus Anlass der Ausstellung „Ost-Berlin. Die halbe Hauptstadt“ sind bis zum 3. November 2019 mehr als 20 Fotografien des Berliner Fotografen Gerd Danigel im Café des Märkischen Museums zu sehen.  Geboren 1959 in Berlin-Mitte&  verbrachte Gerd Danigel dort seine Kindheit&  ging zehn Jahre in die Polytechnische Oberschule und absolvierte eine Ausbildung zum Gasmonteur. Seit 1973 fotografiert er&  zunächst als Autodidakt. 1983 orientierte er sich beruflich neu und begann als Reprofotograf und Fotolaborant zu arbeiten. Darauf folgte eine fünfjährige Festanstellung als Fotograf am Institut für Kulturbauten der DDR. Zwischen 1997 und 2004 arbeitete Danigel als Fotograf für die „Ortschronik Pankow“&  seither freischaffend. Gerd Danigels subtile Arbeiten sind ausschließlich aus Freude am Fotografieren entstanden. Herausragend sind seine stillen Beobachtungen des Alltagslebens in Ost-Berlin&  in denen er sicheres Gefühl für den Moment zeigt und Situationen einfängt&  die Allgemeingültigkeit besitzen. Weitere Informationen zum Fotografen unter: www.gerd-danigel.de,GRATIS,
Ausstellung: NATÜRLICH. Werke von Stefani Urbiczek,Samstag 20.07.2019 bis Sonntag 17.11.2019 - Anfangszeit: :00 Uhr,Reformationsplatz 12 13597 Berlin - zum Stadtplan,Kunst, ,,GRATIS,
Silent Moves - Klang-Archipel vietnamesischer Migrationsgeschichten, ,Türrschmidtstraße 24 10317 Berlin - zum Stadtplan,Freitag 23.08.2019 bis Sonntag 23.08.2020 - Anfangszeit: 10:00 Uhr,https://www.gratis-in-berlin.de/images/stories/tipps/m_photo_2019-08-22-17-19-08.jpeg,Silent Moves ist ein mit Orten verknüpftes Audio-Archiv über die vietnamesische Migrationsgeschichte in der DDR bis heute  Zu diesem Event  Silent Moves führt zu Orten in Berlin-Lichtenberg&  die eng mit dem Leben vietnamesischer Migrant*innen verknüpft sind. Dafür steht ab dem 23.08.2019 die kostenlose App „miniatures for mobile“ (https://aporee.org/mfm/) zur Verfügung. Die App kann im Appstore oder im Google-Playstore heruntergeladen werden. Die Beiträge zu den jeweiligen Orten werden selbstständig abgespielt&  wenn die App gestartet wird. Wer keine App benutzen möchte&  kann sich dafür im Museum Lichtenberg einen MP3-Player ausleihen. Zusätzlich erhalten die Nutzer*innen eine Karte&  auf der alle relevanten Orte verzeichnet sind.   Nirgendwo sind die Geschichte und Gegenwart vietnamesischer Migration so eng mit konkreten Orten verbunden wie in Berlin-Lichtenberg. Die Hörer*innen dieser akustischen Spurensuche entdecken Geschichten und erleben die Gegenwart ehemaliger Vertragsarbeiter*innen und Geflüchteter aus Vietnam. So wird das Bezirksgebiet zu einem begehbaren Audioarchiv. Neben Zeitzeug*innen und der „zweiten Generation“&  kommen u.a. Ethnolog*innen&  Psychiater*innen&  Menschenaktivist*innen&  Musiker*innen und viele mehr zu Wort. Die Orte können gut mit dem Fahrrad abgefahren werden&  sind aber auch mit der Straßenbahnlinie M8 gut zu erreichen. Die Beiträge sind in deutscher&  englischer und teilweise in vietnamesischer Sprache verfügbar.  Realisiert und umgesetzt wurde das Projekt u.a. von Matthias Schönijahn&  Thy Le&  Dr. Anette Laue und Claudia Eckstein.Gefördert wurde das Projekt durch die Senatsverwaltung für Kultur und Europa. Das Museum Lichtenberg fungiert als Kooperationspartner.,GRATIS,
SprachParcours im Panke-Haus / kostenloses Angebot, ,Soldiner Straße 76 13359 Berlin - zum Stadtplan,Kinder & Jugendliche,https://www.gratis-in-berlin.de/images/stories/tipps/m_istock-hnde-und-buchstaben-klein-5.jpg,In unserem SprachParcours-Angebot können Kinder ab 3 Jahren viele tolle Sprachförder-Materialien entdecken. Es erwarten sie Reime-Bildkarten&  Tonie-Boxen&  sprechende Stifte&  Klang-Memorys&  Tablets mit Sprach-Apps und viele weitere spannende Materialien.  Spiel und Spaß stehen im Vordergrund! Das Angebot wird von zwei geschulten Studierenden pädagogischer Fächer betreut und findet zwischen 10 und 12 Uhr statt und richtet sich insbesondere an Kinder ohne Kita-Platz. Eine Anmeldung ist nicht notwendig.  Das kostenlose Angebot ist Teil des Projekts "Der digital-analoge SprachRaum" in Moabit und Wedding. Alle Kinder ab 3 Jahren und auch ihre Eltern sind herzlich willkommen!,GRATIS,
SprachParcours im Familienzentrum Moabit-Ost / kostenloses Angebot, ,Rathenower Straße 17 10559 Berlin - zum Stadtplan,Kinder & Jugendliche,https://www.gratis-in-berlin.de/images/stories/tipps/m_istock-hnde-und-buchstaben-klein-4.jpg,In unserem SprachParcours-Angebot können Kinder ab 3 Jahren viele tolle Sprachförder-Materialien entdecken. Es erwarten sie Reime-Bildkarten&  Tonie-Boxen&  sprechende Stifte&  Klang-Memorys&  Tablets mit Sprach-Apps und viele weitere spannende Materialien.  Spiel und Spaß stehen im Vordergrund! Das Angebot wird von zwei geschulten Studierenden pädagogischer Fächer betreut und findet zwischen 10 und 12 Uhr statt und richtet sich insbesondere an Kinder ohne Kita-Platz. Eine Anmeldung ist nicht notwendig.  Das kostenlose Angebot ist Teil des Projekts "Der digital-analoge SprachRaum" in Moabit und Wedding. Alle Kinder ab 3 Jahren und auch ihre Eltern sind herzlich willkommen!,GRATIS,
Kindertanz @ Tanzschule weRK36 - kostenlose Probestunde, ,Tempelhofer Weg 70 10829 Berlin - zum Stadtplan,Kinder & Jugendliche,https://www.gratis-in-berlin.de/images/stories/tipps/m_04-kindertanz-kinder-tanzen-lernen_tanzschule-werk36-berlin-schneberg.png,Tanzen für die Kleinen  Warum ist Kindertanz wichtig? Tanzen gibt Menschen jeden Alters ein besseres Körpergefühl. Die Kombination von Musik&  Spiel und Tanz lässt die Kreativität&  das Körperbewusstsein und die Inspiration eines Kindes steigern.  Viele Gruppen in der Woche - verschiedene AltersklassenMontag 16.00 Uhr ab 8 Jahre Montag 17.00 Uhr ab 12 Jahre Montag 18.00 Uhr ab 14 Jahre Dienstag 16.00 Uhr ab 3 Jahre Dienstag 16.45 Uhr ab 5 JahreMittwoch 16.00 Uhr ab 3 Jahre Mittwoch 16.45 Uhr ab 5 Jahre Donnerstag 16.00 Uhr ab 5 Jahre Donnerstag 16.45 Uhr ab 7 Jahre    Tanzschule weRK36Tempelhofer Weg 70 / Sachsendamm 93 Erdgeschoss in den AMBEG-Höfen 10829 Berlin - Schöneberg www.werk36.de,GRATIS,
Sahaja Yoga Meditation in Berlin-Buch, ,Karower Straße 17 13125 Berlin - zum Stadtplan, , ,Mehr Infos im Internet: http://www.yotame.de http://www.sahajayoga.de https://www.berlinmeditation.de,GRATIS,
Sahaja Yoga Meditation (Beginners |  English), ,Behaimstraße 8 (am Richard-Wagner-Platz) 10585 Berlin - zum Stadtplan, , ,Mehr Infos im Internet: https://berlinmeditation.de,GRATIS,
Freihafen - offene Lesebühne, ,Bergstrasse 2 10115 Berlin - zum Stadtplan,Lesungen & Hörspiele,https://www.gratis-in-berlin.de/images/stories/tipps/m_tintenschiff.jpg,Freihafen - offene Lesebühne Textforum - ein Abend für Gedichte und Geschichten. Willkommen sind alle&  die selber gerne schreiben und lesen&  die einfach zuhören oder sich über die Texte austauschen möchten. Jeder Abend steht unter einem Motto. Die Texte sollen sich locker darauf beziehen. Die Lesezeit liegt bei maximal 10 Minuten. Vor und nach der Lesung ist Zeit und Raum für anregende Gespräche in gemütlicher Atmosphäre. Eintritt frei!,GRATIS,
Sport im Park inklusiv am Teutoburger Platz, ,Teutoburger Platz 10119 Berlin - zum Stadtplan,Sport, ,Mehr Infos im Internet: http://www.gesufit-berlin.de,GRATIS,
Sport im Park in der Köllnischen Heide, ,Von der Schulenburg Park, S-Bhf Köllnische Heide 12057 Berlin - zum Stadtplan,Sport,https://www.gratis-in-berlin.de/images/stories/tipps/m_flyer-seite-2-9.png,Kostenlos&  unverbindlich und kompetent! Unser Outdoor-und Fitness-Training für alle mit Spaß und Energie im Von der Schulenburg Park&  S-Bhf Köllnische Heide.  „Sport im Park“ ist für jeden geeignet und offen. Einfach spontan vorbeischeuen und mitmachen.In Freizeit- oder Sportkleidung&  mit einem Handtuch  und/oder einer Sportmatte und einer Erfrischung sind Sie bestens ausgestattet.  Das Training dauert rund eine Stunde und findet bei jedem Wetter statt&  außer bei Sturm und Hagel.  Immer montags um 10 Uhr: RückenPur! um 11 Uhr: Bewegte Pause,GRATIS,
Sport im Park in der Gropiusstadt, ,Grünzug am Wildmeisterdamm Bolzplatz, Calistenics Anlage, U-Bhf. Johannisthaler Chaussee 12353 Berlin - zum Stadtplan,Sport,https://www.gratis-in-berlin.de/images/stories/tipps/m_flyer-seite-2-3.png,Kostenlos&  unverbindlich und kompetent! Unser Outdoor-und Fitness-Training für alle mit Spaß und Energie am Grünzug am Wildmeisterdamm Bolzplatz&  Calistenics Anlage&  U-Bhf. Johannisthaler Chaussee.  „Sport im Park“ ist für jeden geeignet und offen. Einfach spontan vorbeischeuen und mitmachen.In Freizeit- oder Sportkleidung&  mit einem Handtuch  und/oder einer Sportmatte und einer Erfrischung sind Sie bestens ausgestattet.  Das Training dauert rund eine Stunde und findet bei jedem Wetter statt&  außer bei Sturm und Hagel.  Montag 10 Uhr: Fit & Gesund Montag 11 Uhr: BodyStretch Mittwoch 17 Uhr: BodyShape Mittwoch 18 Uhr: PowerIntervall Freitag 10 Uhr: Rückentraining Freitag 11 Uhr: Bewegte Pause Samstag 16 Uhr: RückenPur Samstag 17 Uhr: BodyGit  Weitere Standorte und Kurse auf dem Flyer auf der Homepage,GRATIS,
Gratis Rhetorik- & Führungs-Training, ,Teupitzer Str. 39 12059 Berlin - zum Stadtplan, ,https://www.gratis-in-berlin.de/images/stories/tipps/m_tm_logo_b-120.jpg,sei jeden 1sten und 3ten Montag im Monat herzlich eingeladen&  zu einem unterhaltsamen und lehrreichen Abend in angenehmer Atmosphäre und nutze wenn Du magst gern die Möglichkeit&  Dich an einer sponatanen Rede vor Publikum von 1 bis 2 min. auszubrobieren. Profitiere vom weltweit bewährten professionellen effizienten Ausbildungs-System von Toastmasters ( dem weltweiten gemeinnützigen Netzwerk für Rhethorik und Führungs-Training)&  um Dich zu einer noch selbsichereren&  stärkeren und wertvolleren Persönlichkeit zu entwickeln. Wir beginnen pünktlich 18:30 Uhr&  Ende gegen 21 Uhr  Ort: KUBUS Neukölln&  Teupitzer Str. 39&  12059 Berlin-Neukölln&  2te Etage&  Seminarraum 1 (Raum 2424)&  Verkehrs-Anbidung: Ring-S-Bahn „Sonnenallee“ + ca. 10 min Fußweg,GRATIS,
Gratis Rhetorik- & Führungs-Training, ,Teupitzer Str. 39 12059 Berlin - zum Stadtplan, , ,Mehr Infos im Internet: http://adlershof-toastmasters.de,GRATIS,
Montagsswing, ,Monbijoustr. 3 10117 Berlin - zum Stadtplan,Partys, ,Mehr Infos im Internet: https://www.theater-museumsinsel.de,GRATIS,
Stereo Comedy Open Mic Show, ,Wühlischstraße 43 10245 Berlin - zum Stadtplan,Comedy & Theater,https://www.gratis-in-berlin.de/images/stories/tipps/m_22687842_133919043927435_1781230211237207923_n-1.jpg,STEREO COMEDY | Stand Up Comedy Open Mic Show jeden Montag im Süss. War Gestern | Eintritt frei! Moderiert von Thomas Kornmaier und Falk Pyrczek.  Einlass/Bar: 20.00 Uhr Showbeginn: 20.30 Uhr  ***  TV-bekannte Comedians&  Newcomer der deutschen Stand Up Szene und mutige Comedy-Anfänger: sie alle teilen sich das Mikrofon bei der „Stereo Comedy Open Mic Show“ und testen neue Jokes&  feilen an ihren Programmen oder versuchen zum ersten Mal&  ein Publikum zum Lachen zu bringen.  Hier ein paar Eindrücke von der Show:  https://www.youtube.com/watch?v=pZn-3A65u_Q  Die Adresse unserer Location: SÜSS WAR GESTERN | Wühlischstraße 43 10245 Berlin-Friedrichshain  ***,GRATIS,
Poetry Slam Workshop, ,Ribnitzer Straße 1b 13051 Berlin - zum Stadtplan,Kleinkunst,https://www.gratis-in-berlin.de/images/stories/tipps/m_flyer_layout_190327_vav_1.jpg,GPS zur EU-Wahl (generationsübergreifender Poetry Slam Workshop zur EU-Wahl 2019)  Unser kostenfreier&  mehrteiliger Poetry Slam Workshop ist offen für alle Altersgruppen und beschäftigt sich thematisch mit den anstehenden Europa Wahlen am 26.05.19 Bei unserem generationsübergreifenden Poetry-Slam-Workshop sollen sich die Teilnehmer*innen am Anfang frei machen von gesellschaftlichen Konventionen&  Formulierungen und oder Grenzen in den Köpfen. Die Teilnehmer*innen werden angehalten eigene&  ungefilterte Gedanken zu Papier zu bringen. Ein richtig oder ein falsch gibt es nicht&  selbstverständlich auf Grundlage humanistischer Werte. Absurd oder bizarr steht fröhlich und traurig gegenüber&  die Grenzen sind fließend und praktisch nicht existent.  Ein erfahrender&  professioneller Poetry-Slamer leitet die Teilnehmer*innen an&  lockert mit kleinen Sprechübungen die Atmosphäre auf und integriert alle Teilnehmer*innen mit in den Workshop.  Termine Mo. 15.04. 16-19 Uhr Mo. 29.04. 16-19 Uhr Mo. 06.05. 16-19 Uhr Mo. 13.05. 16-19 Uhr  Abschluss Di. 14.05. - 19 Uhr  Ort VaV Hohenschönhausen e.V. Ribnitzer Straße 1b 13051 Berlin  Kontakt beate.janke@vhv-hhausen.de 030/96277117  (Ein Poetry-Slam ist ein moderner Wettstreit&  bei dem sich Dichter*innen auf eine Bühne stellen und literarisch um die Gunst des Publikums buhlen. Dafür gibt es nur 3 Regeln zu beachten: die Texte müssen selbst verfasst sein&  auf Kostüme und Requisiten wird verzichtet und es gibt ein Zeitlimit von ca. 5 Minuten),GRATIS,
Führung durch das Effizienzhaus Plus mit Elektromobilität, ,Fasanenstraße 87a 10623 Berlin - zum Stadtplan,Wissen live,https://www.gratis-in-berlin.de/images/stories/tipps/m_effizienzhaus-plus-mit-elektromobilitaet-front-c-zebau-gmbh_nzc5ntk5wg-1.jpg,Jeden Montag und Donnerstag um 16.00 Uhr findet eine kostenlose Tour durch das Effizienzhaus Plus statt.  Seit 2011 steht das imposante Effizienzhaus Plus nun schon. Konzipiert zu Forschungs- und Demonstrationszwecken&  hat es seither viel erlebt. Zwei Familien haben je ein Jahr in dem Gebäude gewohnt um die neuen Technologien auf derenAlltagstauglichkeit zu testen. Das Haus hat in den Messperioden seit März 2012 mehr Energieim Jahresmittel erzeugt als für den Betrieb des Hauses nötig war.  Dazu sind Photovoltaikanlagen an der Fassade und auf dem Dach angebracht und innovativeTechnologien z.B. zur Wärmedämmung verbaut worden. All das kann vor Ort live&  anhand vieler Modelle&  der Begehung des Technikraums und einem (auf Anfrage kindgerechten) Vortrag zur Funktionsweise des Hauses erlebt werden.,GRATIS,
55 Plus aktiv - FISCHERinselCHOR im KREATIVHAUS e. V., ,Fischerinsel 3 10179 Berlin - zum Stadtplan, , ,Mehr Infos im Internet: http://www.kreativhaus-berlin.de,GRATIS,
Wild Bingo im "Zum Starken August", ,Schönhauser Allee 56 10437 Berlin - zum Stadtplan, ,https://www.gratis-in-berlin.de/images/stories/tipps/m_50288859_2301870680047700_1558274161451728896_o.jpg,Ihr verrückten BINGOprinzenssinnen und -prinzen&   wir spielen wieder das berüchtigte "Wild Bingo" mit allem was dazu gehört! Lustige Bingos&  sinnvolle Fragen aus noch sinnfreieren Magazinen und natürlich Schnäpperken.  Wer es noch nicht kennt: Wir spielen nach den klassischen Bingoregeln&  also die gezogenen Zahlen auf dem Bingozettel ankreuzen und wenn du fünf in einer Reihe hast&  laut BINGO brüllen! Mehr müsst ihr nicht wissen&  einfach vorbei kommen und mitmachen&  der Rest ergibt sich von selbst! Eins ist sicher&  ihr werdet Spaß haben!  Beginn ist ca. gegen  20:30 Uhr&  Eintritt wie immer frei!  Also kommt zahlreich und vermehret Euch! Ich bin schon wieder feucht fröhlich&  es herzt und grüßt Euch&   eure Gisela Kloppke,GRATIS,
Stories @ St.Oberholz, ,Rosenthaler Str. 72a 10119 Berlin - zum Stadtplan,International, ,Mehr Infos im Internet: https://www.facebook.com,GRATIS,
Leseclub für Grundschulkinder in der Heinrich-Schulz-Bibliothek, ,Otto-Suhr-Allee 96 10585 Berlin - zum Stadtplan, , ,Mehr Infos im Internet: https://www.wir-bieten-vielfalt-einen-ort.de,GRATIS,
Beginner Salsa Kurs | 19:15 | Berlin Mitte, ,Fischerinsel 3 10179 Berlin - zum Stadtplan, ,https://www.gratis-in-berlin.de/images/stories/tipps/m_fb-group-cover.jpg,- Classes are held in English. Please consult our website for english details. Link below. -Salsa4Water bietet regelmäßige Salsakurse in Berlin an und für Anfänger sogar gratis! Keine Anmeldung&  kein Dresscode&  keine Vorkenntnisse und eine-n Partner-in braucht Ihr auch nicht.  Für wen? Für alle! Der Kurs ist für Leute gemacht&  die noch nie Salsakurse genommen haben. (Aber auch perfekt für solche&  die schon ein wenig tanzen&  die Grundlagen aber noch mal durchgehen wollen.)  Wann? Montag - 19:15 Uhr  Um 20.15 Uhr findet der Folgekurs "Beginners 2" und um 21.15 Uhr "Improvers 1" statt. Diese sind aber nicht gratis&  sondern kosten je 5€. Die Einnahmen gehen an Wasserprojekte in Ruanda.  Wo? Im Kreativhaus e.V. Fischerinsel 3 In Mitte  Guckt euch am besten die Details auf unserer Webseite an: www.4water.org/berlin/salsa/  Was ist Salsa4Water? Wir bieten Tanzkurse an und unterstützen mit unseren Einnahmen Projekte zur Trinkwasserförderung an Schulen in Ruanda. Dafür arbeiten wir eng mit WaterAid zusammen. WaterAid's Ziel ist es allen Menschen Zugang zu sicherem Trinkwasser&  zu sanitären Einrichtungen und zu Hygiene zu ermöglichen. Somit könnt Ihr also tanzend Leben retten!,GRATIS,
OPEN STAGES AM MONTAG, ,Berlin - Berlin,Musik,https://www.gratis-in-berlin.de/images/stories/tipps/m_testbild.jpg,Liebe MusikerInnen&  liebe Entdecker der spannenden Underground-Szene in der Hauptstadt&   spart euch die ewige Suche nach offenen Bühnen&  hier findet ihr alle übersichtlich und aktuell versammelt - inkl. BVG-Anfahrt:  https://berlinundergroundmusic.com/open-stages-am-montag/  Auf der Seite findet ihr die Open Stages auch nach Genre und Bezirken geordnet.  Viel Vergnügen  wünscht  Berlin Underground Music,GRATIS,
Blue Moonday Jazzsession, ,Herrfurthstr. 21 12049 Berlin - zum Stadtplan,Musik,https://www.gratis-in-berlin.de/images/stories/tipps/m_img_9745-1.jpg,Blue Moonday Jazz: Jeden Montag um 20Uhr live Jazzband im Café Engels&  dann Jazzsession. Jede Woche andere Band&  jede Woche Swing&  Blues&  Latinjazz&  Balladen!,GRATIS,
Kennenlerntage im ZilleKlub: ComTanzen! Biodanza, ,Rathenower Straße 17 10559 Berlin - zum Stadtplan, ,https://www.gratis-in-berlin.de/images/stories/tipps/m_comtanzen-seite-1.jpg,ComTanzen! mit Katja Sehl ComTanzen! ist ein wöchentliches Tanz-Angebot&  offen für alle Menschen&  die mehr Bewegung und Begegnung in ihr Leben einladen möchten.  Wir bewegen uns auf natürliche Weise&  individuell&  paarweise&  in der Gruppe und laden die Vielfalt lebendiger Begegnungen in unseren Tanz ein.  Tanzen steigert die Lebensfreude&  Beweglichkeit&  Vitalität&  macht uns dankbar und empfänglich für die Schönheit&  Fülle und Herausforderungen des Alltags.  Bitte bequeme Kleidung mitbringen.  Kontakt: katja.sehl@gmx.de,GRATIS,
Palais Populaire (ehemals Deutsche Bank Kunsthalle) Montags Eintritt frei, ,Unter den Linden 13-15 10117 Berlin Germany - zum Stadtplan,Museen, ,Mehr Infos im Internet: https://www.facebook.com,GRATIS,
Monday Night Mics _ English Comedy Open Mic (Berlin-Neukölln), ,Niemetzstraße 24 12055 Berlin - zum Stadtplan, ,https://www.gratis-in-berlin.de/images/stories/tipps/m_40553652_1974859185883970_4634148263593771008_o.jpg,The best German comedy... is English comedy!  Come finish off the first and worst work day of the week with one of Berlin's funniest comedy open mics!  Hosted by Toby Arsalan & Carmen Chraim! Guaranteed to leave you laughing.  Come and watch local and visiting comedians trying out new material&  crafting old material or even having their very first set on stage!  We ask for donations at the end. It's how we keep the show going. ________________________________________  Door 20:30Show 21:00 You can see more photos&  videos and all upcoming shows on our Facebook page! If you'd like to perform at the show&  all you have to do is post 'Spot!' in that week's Facebook event: https://www.facebook.com/mondaynightmicsberlin/events/ ________________________________________ Photo by Naima Malaika https://www.instagram.com/naima_maleika/,GRATIS,
Deutsch-italienischer Kinderchor, ,Stargarder Straße 73 10437 Berlin - zum Stadtplan,Kinder & Jugendliche,https://www.gratis-in-berlin.de/images/stories/tipps/m_postkarten2.jpg,Der deutsch-italienische Kinderchor&  I MUSIGATTI/ Die Musikatzen  Trifft sich jeden Mittwoch nachmittag im Prenzlauer Berg und lädt Kinder ab 5-15 Jahren zum kostenlosen Probetraining ein. Wir singen zwei- bis mehrsprachig und tanzen dazu.  Mittwochs&  05.09.-12.12.2018 von 17:10-18:10 Uhr,GRATIS,
Ultimate Frisbee on Mondays and Thursdays, ,Afrikanische Strasse 13351 Berlin - zum Stadtplan, ,https://www.gratis-in-berlin.de/images/stories/tipps/m_ultimate.jpg,We'll meet and play a relaxed game of ultimate in Volkspark Rehberge if the weather cooperates (The best is to check directly in meetup whether it takes place or not.)  Our games focus on having great team play&  where the teams work together advance the disk down the field. It's more important to work well together as a team than have a few star players get a point with lucky shots. For this reason&  players of all skill levels (especially those who have never played) are welcome to join. We are always an international group with a good mixture of beginners and advanced players.  afterwards we'll grab a bit to eat at one of Weddings finest falafel establishments&  or some beer at one of it's finest breweries.  Please bring plenty of water (at least 1 liter)&  shoes you can run in and comfortable clothing that can get a bit dirty.  Finding us: We meet in this big grassy area&  it's a short bike ride from the subway stop Rehberge on the U6 or Amrumer Strasse on the U9. It can be a bit tricky to find the first time&  so we've got a few methods to help out  1) GPS: 52°32'54.9"N 13°19'51.0"E ;[masked]& [masked]  2) Google Maps: https://goo.gl/maps/xbZgaXzMSMt  3) Meet at U Rehberge. The organizer will be waiting outside U Rehberge with a frisbee disk in hand from 18:40 to 18:45&  you can meet him/her there and go to the place together.  4) the helpful link to a satellite picture in the 'how to find us' description https://secure.meetupstatic.com/photos/event/2/8/8/f/600_451930383.jpeg  Natürlich sprechen wir auch deutsch ;-),GRATIS,
Gratis Yoga in Kreuzberg, ,Lübbener Straße 9 10997 Berlin - zum Stadtplan, , ,Mehr Infos im Internet: http://www.kreuzbergyoga.de,GRATIS,
Laughing Spree - Free English Comedy Show (with Free Shots!!), ,Mühlenstrasse 73 10243 Berlin - zum Stadtplan,Comedy & Theater,https://www.gratis-in-berlin.de/images/stories/tipps/m_0904_comediansaudience-lr.jpg,It's Berlin's #1 (and only) English Comedy Show on a Boat. On the Spree. It's Laughing Spree Comedy!  And it's all for free&  including compulsory FREE SHOTS at the door!  Berlin's most scenic comedy show will brighten up your day and make you laugh. And afterwards we all go to Karaoke! Yeah!!  Laughing Spree Comedy is a weekly comedy show in English with an extremely friendly atmosphere and some of Berlin's finest comedians&  lots of guest comedians and the occasional first timer.  When? Every Monday Where? The Floating Lounge When again? Doors open at 8pm&  Show starts 9pm  You can reserve some "tickets" on our facebook page. We reserve the more comfortable seats in the back till 8.45pm.  Each Comedian has 5-7 minutes to make you laugh.  See you buoys and gulls aboard the ship. Keep on laughing!,GRATIS,
kostenloses TAI-CHE-GONG-Sommer Special (bis 13.8.), ,B-Bhf. Rathaus Schöneberg 10715 Berlin - zum Stadtplan,Sport | Wellness,https://www.gratis-in-berlin.de/images/stories/tipps/m_tiefe-stellung.jpg,vom 02.07.18 - 13.08.18 bieten wir jeden Montag von 18.30-19.30 Uhr direkt am U-Bhf. Rathaus Schöneberg auf dem Weg vor der Wiese am Goldnenen Hirschen einen Schnupperkurs im TAI-CHE-GONG an. Weitere Informationen www.tai-che-gong.de,GRATIS,
Tanzen am Nachmittag, ,Bismarckstrasse 108 10625 Berlin - zum Stadtplan,Musik,https://www.gratis-in-berlin.de/images/stories/tipps/m_tanz-am-nachmittag-2018-05.jpg,Tanz am Nachmittag....natürlich veranstalten wir weiterhin für unsere tanzbegeisterten Junggebliebenen TANZ am Nachmittag. Montag ab 15.00 Uhr.  ... immer mit Sektverlosung und Show von Entertainer Jörg! *** TANZEN hält fit und macht glücklich!! ***,GRATIS,
KICKER - MONTAG mit dem Verein Kartal Berlin, ,Kaiser-Friedrich-Str. 67 10627 Berlin - zum Stadtplan,Leute treffen,https://www.gratis-in-berlin.de/images/stories/tipps/m_31311344_794343130771557_8008362094174928896_o.jpg,KICKER - MONTAG mit dem Verein Kartal Berlin  Alle die sich für einen schönen Tischfussballabend interessieren&  sind herzlichst eingeladen!,GRATIS,
Trommelkurs für absolute Anfänger, ,Samoastraße 14 13353 Berlin - zum Stadtplan, , ,Mehr Infos im Internet: http://trommelnimwedding.de,GRATIS,
Improve your communication skills - Enjoy an evening @ the new inner city Toastmasters Club, ,Bernburger Strasse 3-5 10963 Berlin - zum Stadtplan, ,https://www.gratis-in-berlin.de/images/stories/tipps/m_f4f789a999.jpg,Center Berlin Toastmasters is getting started! - Wer seine englischen Speaking Skills beim Vortragen freier Reden mit Mentoren verbessern will&  gar bis dato zu schüchtern&  ist hier herzlich gern gesehen bei dem neuen und dritten - international ausgelegten - Hauptstadt-Rhetorikklub. - Gäste jederzeit frei.  Center Berlin Toastmasters (non-profit&  non-religous)   Our 1st Location / Venue was: Forum Factory&  Besselstraße 13&  10969 Berlin (near Checkpoint Charlie&  U6 Kochstrasse www.forum-factory.de  We are now meeting at St. Lukas-Kirche&  Bernburger Strasse 3-5&  10963 Berlin.  Starting March 2017&  join us every 1st&  2nd&  and 3rd Tuesday from 19:15 to 21:30.   Club started on 8 June&  2015 Doors open always at 19:00 Meeting starts at 19:30  https://www.toastmasters.org/ http://de.wikipedia.org/wiki/Toastmasters  Es gibt mittlerweile in Berlin auch 6 deutsch-sprachige Klubs (weltweit über 14.000) ...,GRATIS,
Eltern-Kind-Yoga in Schmargendorf, ,Jugendfreizeiteinrichtung Plöner Str. Plöner Straße 4-18 14193 Berlin - zum Stadtplan,Kinder & Jugendliche,https://www.gratis-in-berlin.de/images/stories/tipps/m_flyer-yoga-1.jpg,Im stressigen Alltag findet man nur selten Zeit&  um zur Ruhe zu kommen. Nehmen Sie sich mit uns die Zeit und entspannen Sie sich bei körperlichen Übungen oder Meditationen.  Ohne Anmeldung und kostenlos.  Bringt bitte Eure eigene Sportmatte mit.   Infos unter: 030 83222023,GRATIS,
KREATIVHAUS e.V. Fitness für Senior_innen, ,Fischerinsel 3 10179 Berlin - zum Stadtplan,Sport,https://www.gratis-in-berlin.de/images/stories/tipps/m_fill_400x400_logo_farbig_3_f_r_gro_e_plakate-2.jpg,Das KREATIVHAUS e.V. Berlin Mitte bietet für Senioren und Seniorinnen jeden Montag  10:00 - 10:45 Uhr  11:00 - 11:45 Uhr Fitness Veranstaltungen an. Wir freuen uns auf Ihre Teilnahme! :)  Der Eintritt zu dieser Veranstalltung ist frei,GRATIS,
basketball 60+, ,Berlin - Berlin, , ,,GRATIS,
Repariere dich glücklich!, ,Demminer Straße 28 13355 Berlin - zum Stadtplan, ,https://www.gratis-in-berlin.de/images/stories/tipps/m_kaffee.jpg,Endlich mal das kaputte Gerät reparieren? Mal wieder Lust auf tüfteln und schrauben? Im RepairCafé Brunnenviertel finden Tüftler und Hilfesuchende zusammen. Jeden 4. Montag im Monat stehen die Tische bereit und werden mit exotischen Werkzeugen aus aller Welt gedeckt. Meldet euch an und kommt vorbei:  E-Mail: repaircafe@brunnenviertel.de https://de-de.facebook.com/repaircafebrunnenviertel/ Tel: 0176 30139778,GRATIS,
Offenes Familiencafé, ,Kurmärkische Straße 1-3 10783 Berlin - zum Stadtplan,Leute treffen, ,Mehr Infos im Internet: http://www.pfh-berlin.de,GRATIS,
Singen |  Spielen |  Ringelreihen, ,Kurmärkische Straße 1-3 10783 Berlin - zum Stadtplan, , ,Mehr Infos im Internet: http://www.pfh-berlin.de,GRATIS,
Kritzeln-Zeichnen-Comics, ,Grimmstr. 16, 1. OG 10967 Berlin - zum Stadtplan,Leute treffen,https://www.gratis-in-berlin.de/images/stories/tipps/m_kritzeln-bild.jpg,Ein kostenloser Kurs für alle&  die gerne zeichnen in der KBS transit. Wir laden Euch ein zum Ausprobieren & Teilnehmen: In unserer Zeichengruppe beschäftigen wir uns viel mit Comics: Geschichten mit realistischen Figuren oder einfachen Strichmännchen. Wir lernen Lautsprache und Bewegung&  Mimik und Storyboard. Spaß macht uns auch das Zeichnen von Einzelbildern und Experimentieren mit verschiedenen Techniken (z.B. Tusche&  Stempel). Beim spielerischen Umgang mit Stift und Papier würfeln wir u.a. Monster oder erstellen Knickbilder. Jeden Monat zeichnen wir - alle zusammen - ein neues Kalenderblatt&  die sogenannte Kalenderblatt – Jam. Entspanntes Zeichnen und gegenseitige Wertschätzung sind uns wichtig. Anmeldung unter 030 – 28476647 oder per Mail: kbs@ajb-berlin.de,GRATIS,
Schreib-Café, ,Holsteinische Straße 30 12161 Berlin - zum Stadtplan, , ,Mehr Infos im Internet: http://www.kultur-cafe.nbhs.de,GRATIS,
WINSVOX-FRAUENCHOR PRENZL`BERG NIMMT WIEDER SÄNGERINNEN AUF!, ,Heinrich-Roller-Str. 18 10405 Berlin - zum Stadtplan, ,https://www.gratis-in-berlin.de/images/stories/tipps/m_logo-vinsvox-internet.jpg,A CAPPELLA von RENAISSANCE bis zur MODERNE im P-BERG. Einfach zwei Kennenlernproben mitmachen jeweils 20.00: MO - FRAUENCHOR. Kontakt: http://www.winsvox.de/kontakt/ Aktuelles Programm: 'Wundersames zwischen Himmel und Erde' Im Frauenchor werden hohe Soprane und Alti gesucht. Wir freuen uns über zuverlässige Sängerinnen zwischen 15 und 50 Jahren.  Hintergrund: Die WinsVox Chöre&  das sind ein gemischter Chor und ein Frauenchor aus Berlin Prenzlauer Berg. Insgesamt 45 Sängerinnen und Sänger singen hier ein umfangreiches a-cappella-Repertoire verschiedener Epochen&  Länder und Komponisten. Wir erarbeiten jedes Jahr ein neues thematisches Sommer- und Weihnachtsprogramm und treten damit mehrfach auf. Zwischenein schließen wir uns gern interessanten Projekten an und singen z.B. zum Tag der Armut&  bei der Fete de la musique oder der Langen Nacht der Chöre.  Kommt vorbei! Wir freuen uns! Wir proben in der Aula: Einmal der Tartbahn bis zum Ende in den zweiten Hof folgen&  dann im hinteren Gebäude den rechten Treppenaufgang nach ganz oben nehmen.,GRATIS,
Reparatur Café im Steglitz Museum, ,Drakestraße 64A 12205 Berlin - zum Stadtplan, , ,,GRATIS,
Bridge-Turnier, ,Weserstraße 50 12045 Berlin - zum Stadtplan,Spiele,https://www.gratis-in-berlin.de/images/stories/tipps/m_bridgebild-1.jpg,kostenloses Bridge-Turnier&  oft Team&  manchmal auch Paar. Nur am 1. Montag des Monats 1 € Gebühr - wird aber am Ende des Jahres unter den besten wieder ausgeschüttet. Entspannte Atmosphäre&  junges Publikum&  mittleres Niveau + bemerkenswertes Ambiente (abgeliebtes Mobiliar in ehemaliger Fleischerei). Mitspieler*innen können auch allein vorbeikommen (gern min. 10 Min. vor Turnierbeginn)&  es wird&  wenn möglich&  ein Partner vermittelt. Wer noch nicht Bridge spielt&  kann sich zwischen 19 und 20 Uhr gern ein bisschen was erklären lassen und etwas spielen bzw. anschließend beim Turnier zusehen.,GRATIS,
Herzliche Einladung zu Livesendungen mit tollen Themen zum Umweltschutz!, ,Oranienburger Straße 32 10117 Berlin - zum Stadtplan,Wissen live,https://www.gratis-in-berlin.de/images/stories/tipps/m_image-1-kopie-1.jpg,Herzliche Einladung zur Live-Sendung jeden Montag um 19.30 Uhr!Der WARROOM im Herzen von Berlin ist ein kleines Fernsehstudio. Dort wird das erste TV-Programm zur Energiewende produziert. Gleichzeitig ist es eine Begegnungs- und Ausbildungsstätte. Im WAR-ROOM kann man sich über alle Fragen der Energiewende informieren und bei der Produktion der Sendungen live dabei sein.Gerne sind Sie als Zuschauer/-in live zur Sendung eingeladen. Kommen Sie einfach vorbei. Der Eintritt ist frei und unsere WARBAR versorgt Sie kostenfrei mit tollen Getränken. Wir freuen uns über jeden Gast!  EINTRITT FREI! Galli Theater Berlin Oranienburger Straße 32 10117 Berlin (Mitte) Tel: 0152 539 601 83   Platzreservierungen unter folgendem Link:http://www.warroom.tv/nächste-sendung-1/ jeweils bei der entsprechenden Sendung.Bei Fragen stehe ich Ihnen jederzeit zur Verfügung unter: zimmer@energiewendemedia.com  Oder besucht uns direkt bei Facebook: https://www.facebook.com/LebenMitDerEnergiewende,GRATIS,
Rückbildungskurs (mit Baby), ,Kurmärkische str. 1-3 10783 Berlin - zum Stadtplan, , ,,GRATIS,
Singen |  Spielen |  Ringelreihen, ,Kurmärkische Str. 1-3 10783 Berlin - zum Stadtplan, , ,,GRATIS,
Monday Night Mics (STANDUP COMEDY IN ENGLISH), ,Niemetzstr. 24 12055 Berlin - zum Stadtplan, ,https://www.gratis-in-berlin.de/images/stories/tipps/m_mnm_page_cover_dnt.png,Come finish off the first and worst work day of the week with one of Berlin's funniest comedy open mics!  Monday Night Mics welcomes comedians of any skill and age. Swing by Kleinod Bar every Monday to see these brave souls work out their material in front of you. For free!  Hosted by Daniel Louis Vezza and Toby Arsalan.  Door 20:30 Show 21:00  Check out a trailer on Youtube and find out more on our Facebook page!,GRATIS,
GINGER&MALZ *Comedy Open Mic*(deutsch)in F-Hain, ,Wühlischstraße 42 12045 Berlin - zum Stadtplan, ,https://www.gratis-in-berlin.de/images/stories/tipps/m_img_3844.png,,GRATIS,
SUPER GAME NIGHT @ Toast Hawaii, ,DanzigerStraße 1 10435 Berlin - zum Stadtplan,Leute treffen,https://www.gratis-in-berlin.de/images/stories/tipps/m_tumblr_o733zvujnq1rkw7x6o1_1280.jpg,This night you can come over and play... your ass off with table tennis&  chess&  strip Poker&  Twister and many more games ...with your games enjoy some of Berlins best drinks!  Delicious music served by DJ MISTER MOUSTACHE,GRATIS,
Hatha Yoga in Pankow, ,13187 Berlin - 13187 Berlin, , ,,GRATIS,
Table Stage Monday, ,Mariannenstraße 50 10997 Berlin - zum Stadtplan,Comedy & Theater,https://www.gratis-in-berlin.de/images/stories/tipps/m_table-stage-monday-foto.jpg,Heute gibt es nicht nur leckeres essen bei uns in der Heidi. Nein&  es gibt auch Tisch Theater. Man kann sich nämlich in einem Menü: Dialoge oder Monologe von professionellen Schauspielern bestellen. Dies wird dann ganz intim am Tisch serviert :-) lasst euch überraschen.,GRATIS,
Völkerball am Montag und Donnerstag, ,Berlin - Berlin, , ,Mehr Infos im Internet: http://vorspiel-berlin.de,GRATIS,
Hammer gutes TaeKwonDo - auch an Pfingsten, ,Wilhelmstraße 117 10963 Berlin - zum Stadtplan,Sport, ,Mehr Infos im Internet: http://youtu.be,GRATIS,
Flötenkreis in der Kapernaumgemeinde Berlin Wedding, ,Seestraße 35 13353 Berlin - zum Stadtplan,Musik,https://www.gratis-in-berlin.de/images/stories/tipps/m_kirche2table35.jpg,FLÖTENKREIS  Der Flötenkreis besteht zur Zeit aus 12 erwachsenen Leuten. Wir treffen uns immer montags von 16:45 Uhr bis 18:15 Uhr auf der Empore in der Kapernaumkirche. Geprobt wird einfache und mittelschwere Literatur für Sopran-&  Alt-&  Tenor- und Baßflöte. Damit verschönern wir musikalisch in unregelmäßigen Abständen Gottesdienste und andere Veranstaltungen&  wie z.B. den Basar. Geleitet wird die Gruppe von Frau Hagemann. Wer ebenfalls gern Flöte spielt und bei uns mitmachen möchte&  ist herzlich willkommen. Bitte melden Sie sich&  wenn Sie einmal zuschauen oder mitmachen möchten.  Anmeldung: Gesine Hagemann Tel: 707 151 85 E-Mail kirchenmusik@kapernaum-berlin.de,GRATIS,
Familia Romana I, ,Am Neuen Palais 10 14469 Potsdam - zum Stadtplan,Lesungen & Hörspiele,https://www.gratis-in-berlin.de/images/stories/tipps/m_14556735_887191628049070_3549828175300607430_o-6.jpg,Mithilfe des Lehrwerks Lingua Latina per se illustrata – Bd. 1: Familia Romana&  Kap. 1-13 wird die aktive Beherrschung der Nominalflexion geübt. Die Texte und die Übungen sind am Anfang sehr leicht und ermöglichen einen reibungslosen Einstieg ins Lateinsprechen.  !!!! BITTE BEACHTEN !!!! Die Veranstaltung findet in den Semesterferien nicht statt. Es geht Ende April weiter. Weitere Infos auf unsere Facebookseite.,GRATIS,
Pub Quiz - TIPPERARY IRISH PUB BERLIN - Wedding, ,Triftstr. (Ecke Teglerstr) 58 13353 Berlin - zum Stadtplan, ,https://www.gratis-in-berlin.de/images/stories/tipps/m_guiness-quiz-1.jpg,Wie jeden Montag veranstaltet das Tipperary Irish Pub Berlin Triftstr. (Ecke Teglerstr) ab 20:00 Uhr das Guinness Quiz Night.  Das Team vom Tipperary Irish Pub Berlin in Wedding freut sich&  auf Euren Besuch!  Ihr seit alle herzlich eingeladen mitzuspielen!  Wie das ganze funktioniert:  In fünf Runden stellt der Moderator den Teams&  bestehend aus maximal sieben Personen&  Fragen aus den verschiedensten Themenbereichen. Strategisch klug ist also&  wer es versteht&  das Wissen im Team breit zu streuen. Denn ob Politik&  Wirtschaft&  Musik&  Religion&  Klatsch & Tratsch oder Wissenschaft: Der Fragenkatalog ist groß und der Moderator gnadenlos. Das glückliche Siegerteam gewinnt - neben Ruhm und Ehre - eine Flasche original irischen Whiskeys. Den Letztplazierten winkt ein Glas schmackhafter Gewürz Gurken - so schmackhaft&  dass es strengstens verboten ist&  den letzten Platz durch simuliertes Nichtwissen gezielt anzustreben. In der abschließenden Jackpot-Runde geht es dann nicht mehr ums Gemüse&  sondern um die Wurst: Es gilt&  den aus den Teilnahmegebühren von 5& - EUR/Team gespeisten Jackpot zu knacken. Und der kann nach einigen Wochen schon einige Hundert Euro enthalten. Wer nun denkt&  das Quiz sei keine lohnende Herausforderung&  weil "zu einfach"&  dem sei die erste Goldene Regel ans Herz gelegt: Der Quizmaster hat immer Recht. Sollte ein Teilnehmer an der Richtigkeit einer Antwort zweifeln&  so denke er stets daran: Es geht nicht darum&  die richtige Antwort zu finden. Es geht darum&  die Antwort zu finden&  die der Quizmaster für richtig hält.,GRATIS,
Spandau Bulldogs Ladies - American Football, ,Wilhelmstraße 10 13595 Berlin - zum Stadtplan,Sport,https://www.gratis-in-berlin.de/images/stories/tipps/m_img_1303.jpg,Hey&   ihr habt Lust auf eine neue sportliche Herausforderung und wollt Teil eines Teams werden. Du möchtest den Sport einmal ausprobieren&  um zu sehen&  ob es vielleicht auch für dich etwas ist?  Nichts einfacher als das! Kommt doch mal bei unserem Training vorbei!!  Egal ob groß&  klein&  dick&  dünn&  sportlich oder auch nicht. Beim American Football ist für jeden etwas dabei. Meldet euch einfach bei uns oder schaut mal auf Facebook und Instagram vorbei.  Wir freuen uns auf euch!  ***************  Hey&  you are looking for a new challenge and you’re eager to join a team. You just want to try a new sport and figure out if this is your sport.  Have some fun and join our practice. It doesn’t matter if your tall&  small&  thick&  thin sporty or not. American Football is a sport for everyone.  Just mail us or take a look at our Facebook page or Instagram.  We’re delighted to see you!,GRATIS,
Sprachcafe, ,Urbanstrasse 23 10961 Berlin - zum Stadtplan,Leute treffen, ,,GRATIS,
Salsaabend in Clärchens Ballhaus, ,Auguststraße 24 10117 Berlin - zum Stadtplan,Partys, ,Mehr Infos im Internet: http://ballhaus.de,GRATIS,
Discofox in der Mall of Berlin, ,Leipziger Platz 12 10117 Berlin - zum Stadtplan,Tanzkurse, ,Mehr Infos im Internet: http://www.mallofberlin.de,GRATIS,
